AddFloor,AfterEndAniLoop,AfterEndAniTag_0,AfterEndAniTag_1,AnchorX,AnchorY,ColBoxHeight,ColBoxType,ColBoxWidth,ColBoxX,ColBoxY,CrashType,DelayFromEnd,DelayFromMiddle1,DelayFromMiddle2,DelayFromStart,EndAniLoop,EndAniTag_0,EndAniTag_1,EndOffsetX,EndOffsetY,FixedThemeId,IceTower_Prefix,Id_1,Id_2,Id_3,Id_4,Id_5,Id_6,Id_7,Id_8,Id_9,Middle_1_OffsetX,Middle_1_OffsetY,Middle_2_OffsetX,Middle_2_OffsetY,MoveAniLoop,MoveAniTag_0,MoveAniTag_1,MoveStartDistance,MoveTime,MoveTimeFromMiddle1,MoveTimeFromMiddle2,MoveTimeFromStart,MoveType,PauseAniLoop,PauseAniTag_0,PauseAniTag_1,PlatformChar,PlatformName,ResourceIndex,ResourceIndexForPlatformResourceString,Scale,ShowType,SoundBounceScreenEnter,SoundCrash,SoundEndShoot,SoundMoveEnd,SoundMoveScreenEnter,SoundMoveStart,SoundPauseStart,SoundShootLoop,SoundStartShoot,SpriteTag_0,SpriteTag_1,StartAniLoop,StartAniTag_0,StartAniTag_1,StartOffsetX,StartOffsetY,SubKey_1,SubKey_2,SubKey_3,SubKey_4,SubKey_5,SubKey_6,SubKey_7,SubKey_8,SubKey_9,ToolImage,TransformTypeId,Value_1,Value_2,Value_3,Value_4,Value_5,Value_6,Value_7,Value_8,Value_9,ZOrder,_key
0,,,,0.5,0.5,0,0,0,0,0,0,,,,,,,,0,0,,,2500,,,,,,,,,,,,,,,,-9999,0,,,0,0,,,,0,구멍,,,1,0,,,,,,,,,,,,,,,0,0,,,,,,,,,,noImage,0,77,,,,,,,,,100,6000
2,,,,0.5,1,60,0,60,-30,-60,0,,,,,,,,0,0,,,,,,,,,,,,,,,,,,,-9999,0,,,0,0,,,,1,바닥,,,1,10,,,,,,,,,,,,1,7,8,0,0,,,,,,,,,,tm01_tb1,0,,,,,,,,,,100,6001
1,,,,0.5,0,40,0,20,-10,0,1,,,,,,,,0,0,,,2571,,,,,,,,,,,,,,,,-9999,0,,,0,0,,,,2,1단장애물,,,1,10,,,,,,,,,,,,1,1,2,0,0,511,,,,,,,,,tm01_jp1,1,5,,,,,,,,,200,6002
1,,,,0.5,0,80,0,21,-25,0,1,,,,,,,,0,0,,,,,,,,,,,,,,,,,,,-9999,0,,,0,0,,,,3,2단장애물,,,1,10,,,,,,,,,,,,1,3,4,0,0,,,,,,,,,,tm01_jp2,1,,,,,,,,,,200,6003
1,,,,0.5,0,90,0,50,-25,0,1,,,,,,,,0,35,,,2571,,,,,,,,,,,,,,,,-9999,0,,,0,0,,,,4,슬라이드,,,1,10,,,,,,,,,,,,1,5,6,0,35,511,,,,,,,,,tm01_sd1,1,5,,,,,,,,,200,6004
1,,,,0.5,0,90,0,50,-25,0,1,,,,,,,,0,90,,,2571,,,,,,,,,,,,,,,,-9999,0,,,0,0,,,,z,걸어서 지나갈 수 있는 걷기슬라,,,1,10,,,,,,,,,,,,1,5,6,0,90,511,,,,,,,,,tm01_sd1,1,5,,,,,,,,,200,6005
1,,,,0.5,0,40,0,20,-10,0,1,,,,,1,11,,0,0,,epS02_,2501,2502,2503,2571,,,,,,,,,,0,10,,375,400,,,400,0,,,,a,튀어나오는 애니 1단,,,1,12,,,,,,Platform_PopUpObstacle,,,,,,1,14,,0,0,,,0,511,,,,,,app_tb_jp1,1,1,400,2001,5,,,,,,200,6006
1,,,,0.5,0,80,0,21,-25,0,1,,,,,1,13,,0,0,,epS02_,2501,2502,2503,2571,,,,,,,,,,0,12,,375,400,,,400,0,,,,b,튀어나오는 애니 2단,,,1,12,,,,,,Platform_PopUpObstacle,,,,,,1,14,,0,0,,,0,511,,,,,,app_tb_jp2,1,1,400,2001,5,,,,,,200,6007
0,,,,0.5,1,60,0,60,-30,-60,0,,,,,,,,0,-150,,,,,,,,,,,,,,,,,,,360,500,,,500,0,,,,c,바닥이 꺼져서 구멍됨,,,1,10,,,,,,Platform_MoveDownFloor,,,,,,1,7,,0,0,,,,,,,,,,app_tb_hole,0,,,,,,,,,,100,6008
1,1,19,,0.5,0.1,40,0,20,-10,0,1,,,,,0,18,,0,0,,,2501,2504,,,,,,,,,,,,0,17,,360,200,,,200,0,,,,e,하늘에서 떨어지는 1단,,,1,13,,,,,,Platform_MoveDownJump,,,,,,0,17,,0,300,,0,,,,,,,,sky_ob_jp1,1,1,2002,,,,,,,,50,6009
1,1,22,,0.5,0.1,80,0,21,-25,0,1,,,,,0,21,,0,0,,epS02_,2501,2504,,,,,,,,,,,,0,20,,360,200,,,200,0,,,,f,하늘에서 떨어지는 2단,,,1,13,,,,,,Platform_MoveDownJump,,,,,,0,20,,0,300,,0,,,,,,,,sky_ob_jp2,1,1,2002,,,,,,,,50,6010
1,,,,0.5,0,90,0,50,-25,0,1,,,,,,,,0,35,,,2501,2504,,,,,,,,,,,,,,,360,200,,,200,0,,,,g,하늘에서 떨어지는 슬라,,,1,10,,,,,,Platform_MoveDownSlide,,,,,,1,5,6,0,300,,0,,,,,,,,sky_ob_sd,1,1,2006,,,,,,,,200,6011
2,,,,0.5,1,60,0,60,-30,-60,0,,,,,,,,0,-150,,,,,,,,,,,,,,,,,,,-38,200,,,200,0,,,,h,지나간 바닥이 꺼져서 구멍됨,,,1,10,,,,,,Platform_MoveDownFloor,,,,,,1,7,,0,0,,,,,,,,,,pass_tb_hole,0,,,,,,,,,,100,6012
1,,,,0.5,0,40,0,20,-10,0,0,,,,,1,11,,0,0,,epS02_,2501,2502,2503,2575,,,,,,,,,,0,10,,-15,400,,,400,0,,,,i,지나간 바닥에서 나오는 애니 1단,,,1,12,,,,,,Platform_PopUpObstacle,,,,,,1,14,,0,0,,,0,,,,,,,pass_tb_up_jp1,1,1,400,2001,1,,,,,,200,6013
1,,,,0.5,0,80,0,21,-25,0,0,,,,,1,13,,0,0,,epS02_,2501,2502,2503,2575,,,,,,,,,,0,12,,-15,400,,,400,0,,,,j,지나간 바닥에서 나오는 애니 2단,,,1,12,,,,,,Platform_PopUpObstacle,,,,,,1,14,,0,0,,,0,,,,,,,pass_tb_up_jp2,1,1,400,2001,1,,,,,,200,6014
1,1,19,,0.5,0,40,0,20,-10,0,0,,,,,0,18,,0,0,,,2501,2504,2575,,,,,,,,,,,0,17,,-30,200,,,200,0,,,,k,지나간 하늘에서 떨어지는 1단,,,1,13,,,,,,Platform_MoveDownJump,,,,,,0,17,,0,300,,0,,,,,,,,pass_tb_sky_jp1,1,1,2002,1,,,,,,,50,6015
1,1,22,,0.5,0,80,0,21,-25,0,0,,,,,0,21,,0,0,,,2501,2504,2575,,,,,,,,,,,0,20,,-30,200,,,200,0,,,,l,지나간 하늘에서 떨어지는 2단,,,1,13,,,,,,Platform_MoveDownJump,,,,,,0,20,,0,300,,0,,,,,,,,pass_tb_sky_jp2,1,1,2002,1,,,,,,,50,6016
1,,,,0.5,0,90,0,50,-25,0,0,,,,,,,,0,35,,,2501,2504,2575,,,,,,,,,,,,,,-30,200,,,200,0,,,,m,지나간 하늘에서 떨어지는 슬라,,,1,10,,,,,,Platform_MoveDownSlide,,,,,,1,5,6,0,300,,0,,,,,,,,pass_tb_sky_sd,1,1,2006,1,,,,,,,200,6017
1,,,,0.5,0,90,0,50,-25,0,1,,,,,,,,0,0,,,,,,,,,,,,,,,,,,,400,2000,,,2000,0,,,,o,위에서 천천히 내려오는 슬라,,,1,10,,,,,,Platform_SlowDownSlide,,,,,,1,5,6,0,200,,,,,,,,,,top_slow_down_sd,1,,,,,,,,,,200,6018
1,,,,0.5,0,90,0,50,-25,0,1,,,,,,,,0,70,,,,,,,,,,,,,,,,,,,400,2000,,,2000,0,,,,p,막고 있다가 천천히 올라가는 슬라,,,1,10,,,,,,Platform_SlowDownSlide,,,,,,1,5,6,0,0,,,,,,,,,,block_slow_up_sd,1,,,,,,,,,,200,6019
0,,,,0.5,0,90,0,50,-25,0,1,,,,,,,,0,150,,,,,,,,,,,,,,,,,,,-9999,0,,,0,0,,,,q,바닥없이 공중에 떠있는 1단슬라,,,1,10,,,,,,,,,,,,1,5,6,0,150,,,,,,,,,,tb_x_midair_sd1,1,,,,,,,,,,200,6020
1,,,,0.5,0,90,0,50,-25,0,1,,,,,,,,0,150,,,2571,,,,,,,,,,,,,,,,-9999,0,,,0,0,,,,r,바닥있이 공중에 떠있는 1단슬라,,,1,10,,,,,,,,,,,,1,5,6,0,150,511,,,,,,,,,tb_o_midair_sd1,1,5,,,,,,,,,200,6021
1,,,,0.5,0,0,0,0,0,0,0,,,,,,,,0,0,,,2501,2504,,,,,,,,,,,,,,,-15,0,,,0,0,,,,s,지나간 바닥에서 튀어나오는 공통무언가,,,1,0,,,,,,Platform_PillarOfFire,,,,,,,,,0,0,,0,,,,,,,,pass_tb_up_something,0,1,2003,,,,,,,,200,6022
3,,,,0.5,0.85,10,0,60,-30,-15,0,,,,,,,,0,200,,,,,,,,,,,,,,,,,,,400,3500,,,3500,0,,,,t,위로 올라가는 얇은 발판,,,1,10,,,,,,,,,,,,1,9,,0,-30,,,,,,,,,,tm01_tb1,0,,,,,,,,,,100,6023
3,,,,0.5,0.85,10,0,60,-30,-15,0,,,,,,,,0,-110,,,,,,,,,,,,,,,,,,,400,3500,,,3500,0,,,,u,아래로 내려가는 얇은 발판,,,1,10,,,,,,,,,,,,1,9,,0,160,,,,,,,,,,tm01_tb1,0,,,,,,,,,,100,6024
1,,,,0.5,0,20,0,20,-10,0,1,,,,,,,,0,0,,,2510,2512,,,,,,,,,,,,,,,0,0,,,0,0,,,,v,지뢰,2,epS02_tm01,1,10,,,,,,,,,,,,1,tme7,,0,0,,0,,,,,,,,tm01_jp1,1,1000,2012,,,,,,,,200,6025
6,,,,0.2,0.5,20,0,20,-10,-10,1,,,,,,,,-682,0,,,2511,2517,2515,,,,,,,,,,,,,,480,8000,,,8000,0,,,,,날아오는 아이스볼트,,,1,10,,,,,,,,,,,,1,15,,118,0,1,500,0,,,,,,,,1,3000,16,500,,,,,,,300,6026
1,,,,0.5,0,40,0,20,-10,0,1,,,,,,,,0,0,,,2509,,,,,,,,,,,,,,,,300,0,,,0,0,,,,,점점 커지는 장애물(1단장애물),,,1,10,,,,,,,,,,,,1,1,2,0,0,500,,,,,,,,,tm01_jp1,1,1000,,,,,,,,,200,6027
1,,,,0.5,0,80,0,20,-25,0,1,,,,,,,,0,0,,,2509,,,,,,,,,,,,,,,,300,0,,,0,0,,,,,점점 커지는 장애물(2단장애물),,,1,10,,,,,,,,,,,,1,3,4,0,0,500,,,,,,,,,tm01_jp2,1,1000,,,,,,,,,200,6028
1,,,,0.5,0,90,0,50,-25,0,1,,,,,,,,0,35,,,2509,,,,,,,,,,,,,,,,500,700,,,700,0,,,,!,점점 커지는 장애물(슬라이드),,,1,10,,,,,,,,,,,,1,5,6,0,35,500,,,,,,,,,tm01_sd1,1,1000,,,,,,,,,200,6029
1,,,,0.5,0,40,0,20,-10,0,1,,,,,,,,0,0,,,2509,,,,,,,,,,,,,,,,500,0,,,0,0,,,,@,점점 작아지는 장애물(1단장애물),,,1,10,,,,,,,,,,,,1,1,2,0,0,1300,,,,,,,,,tm01_jp1,1,1000,,,,,,,,,200,6030
1,,,,0.5,0,80,0,21,-25,0,1,,,,,,,,0,0,,,2509,,,,,,,,,,,,,,,,500,0,,,0,0,,,,#,점점 작아지는 장애물(2단장애물),,,1,10,,,,,,,,,,,,1,3,4,0,0,1300,,,,,,,,,tm01_jp2,1,1000,,,,,,,,,200,6031
1,,,,0.5,0,90,0,50,-25,0,1,,,,,,,,0,35,,,2509,,,,,,,,,,,,,,,,500,700,,,700,0,,,,$,점점 작아지는 장애물(슬라이드),,,1,10,,,,,,,,,,,,1,5,6,0,35,1300,,,,,,,,,tm01_sd1,1,1000,,,,,,,,,200,6032
3,,,,0.5,0.85,10,0,60,-30,-15,0,,,,,,,,0,60,,,,,,,,,,,,,,,,,,,-9999,0,,,0,0,,,,~,중간에 떠있는 발판,,,1,10,,,,,,,,,,,,1,9,,0,60,,,,,,,,,,tm01_tb1,0,,,,,,,,,,100,6033
4,,,,0.5,0.85,10,0,60,-30,-15,0,,,,,,,,0,60,,,,,,,,,,,,,,,,,,,-9999,0,,,0,0,,,,:,바닥도 있고 중간에 떠있는 발판,,,1,10,,,,,,,,,,,,1,9,,0,60,,,,,,,,,,tm01_tb1,0,,,,,,,,,,100,6034
6,,,,0.2,0.5,20,0,20,-10,-10,1,,,,,,,,-682,0,,,2518,2517,2515,,,,,,,,,,,,,,480,8000,,,8000,0,,,,,날아오는 벌,,,1,10,,,,,,,,,,,,1,15,,118,0,10,500,0,,,,,,,,1,5000,16,500,,,,,,,300,6035
0,,,,0.5,0.536,85,0,60,-30,-60,0,,,,,,,,0,0,,,2519,,,,,,,,,,,,,,,,-9999,0,,,0,0,,,,,탐험가 구멍,,,1,10,,,,,,,,,,,,1,tme18,,0,0,,,,,,,,,,tme18,0,1,,,,,,,,,100,6036
1,,,,0.5,0,60,2,60,0,55,1,,,,,,,,0,15,,,2522,,,,,,,,,,,,,,,,480,4000,,,4000,0,,,,G,흔들리는 철퇴,,,1,10,,,,,,,,,,,,1,26,,0,15,,,,,,,,,,epN02_tm01_sdsw,1,-70,,,,,,,,,100,6041
1,1,37,,0.5,0,20,0,20,-10,0,1,,,,,,36,,0,0,,,2510,2523,2526,2540,,,,,,,,,,,,,360,0,,,0,0,,,,V,번개 지뢰,2,epS02_tm01,1,14,,,,light_mine,,,,,,,,,14,,0,0,,,,,,,,,,epN03_tm02_thundermine_01,1,1000,38,80,1,,,,,,200,6042
0,,,,0.5,0,100,2,100,0,30,1,,,,,,,,30,-60,,,2521,2510,,,,,,,,,,,,,,,-9999,0,,,0,0,,,,N,두칸짜리 구멍에서 도는 큰거,,,1,10,,,,,,,,,,,,1,33,,30,-60,1,,,,,,,,,epN02_tm08_bigroll_01,1,6000,500,,,,,,,,50,6043
1,1,19,,0.5,0,40,0,20,-10,0,1,,,,,,18,,0,0,,,2520,,,,,,,,,,,,,,17,,360,200,,,200,0,,,,E,떨어지는 1단 (땅이 흔들림),,,1,13,,,,,,,,,,,,0,14,,0,300,,,,,,,,,,epN03_tm01_jp1down_ing_01,1,150,,,,,,,,,200,6044
1,1,22,,0.5,0,80,0,21,-25,0,1,,,,,,21,,0,0,,,2520,,,,,,,,,,,,,,20,,360,200,,,200,0,,,,,떨어지는 2단 (땅이 흔들림),,,1,13,,,,,,,,,,,,,14,,0,300,,,,,,,,,,,1,300,,,,,,,,,200,6045
0,,,,0.5,0.5,40,0,20,-10,-20,1,300,,,,,,,0,20,,,2528,2526,2525,,,,,,,,,,,,,,400,100,,,100,2,,,,5,구멍에서 나왔다가 들어가는 1단,1,epS02_tm01,1,10,,,,,,,,,,,,1,29,,0,-70,,,,,,,,,,epN02_tm06_jp1holeup_01,1,1,80,6177,,,,,,,200,6046
0,,,,0.5,0.5,40,0,20,-10,-20,1,300,,,,,,,0,50,,,2528,2526,2525,,,,,,,,,,,,,,400,100,,,100,2,,,,6,구멍에서 나왔다가 들어가는 2단,1,epS02_tm01,1,10,,,,,,,,,,,,1,30,,0,-70,,,,,,,,,,epN02_tm06_jp2holeup_01,1,1,80,6177,,,,,,,200,6047
1,,,,0.5,0,40,0,20,-10,60,1,,,,,,,,0,-60,,,2501,2502,2572,2575,,,,,,,,,,,31,,400,200,,,200,0,,,,7,바닥 z뒤에서 올라오는 1단,,,1,11,,,,,,Platform_6048,,,,,,,55,,0,-60,,,506,,,,,,,epN02_tm07_jp1backup_04,1,1,200,1,1,,,,,,50,6048
1,,,,0.5,0,80,0,26,-13,60,1,,,,,,,,0,-60,,,2501,2502,2572,2575,,,,,,,,,,,32,,400,200,,,200,0,,,,8,바닥 z뒤에서 올라오는 2단,,,1,11,,,,,,Platform_6048,,,,,,,56,,0,-60,,,506,,,,,,,epN02_tm07_jp2backup_05,1,1,200,1,1,,,,,,50,6049
1,1,28,,0.5,0,90,0,50,-25,0,1,,,,,0,27,,0,35,,,,,,,,,,,,,,,,1,48,,360,0,,,0,0,,,,P,애니메이션으로 움직이는 슬라이드,1,epS02_tm01,1,13,,,,,,,,,,,,1,48,,0,35,,,,,,,,,,epN03_tm02_sddown_ing_04,1,,,,,,,,,,200,6050
1,,,,0.5,0,40,0,20,-10,0,1,,,,,1,35,,0,0,,,,,,,,,,,,,,,,1,34,,400,400,,,400,0,,,,<,달려와서 찌르는애 1단,1,epS02_tm01,1,13,,,,,,,,,,,,1,34,,100,0,,,,,,,,,,epN02_tm10_jp1attack_end_04,1,,,,,,,,,,200,6051
1,,,,0.5,0,80,0,26,-13,0,1,,,,,1,41,,0,0,,,,,,,,,,,,,,,,,40,,360,200,,,200,0,,,,Y,1단에서 2단이 되는 장애물,,,1,13,,,,,,oneBecomeTwo,,,,,,,39,,0,0,,,,,,,,,,epN03_tm03_jp12_endloop_03,1,,,,,,,,,,200,6052
6,,,,0.25,0.4,40,0,40,-10,-20,1,,,,,,,,-682,0,,,2517,,,,,,,,,,,,,,,,480,8000,,,8000,0,,,,,2칸짜리 큰 날아오는거,1,epS02_tm01,1,10,,,,,,,,,,,,1,42,,118,0,500,,,,,,,,,,1,43,,,,,,,,,300,6053
0,,,,0.5,0.05,140,0,50,-25,0,1,,,,,,,,30,-60,,,2521,2510,2501,,,,,,,,,,,1,46,,400,300,,,300,0,,,,M,두칸짜리 구멍에서 튀어나오는 2단,,,1,11,,,,,,,,,,,,1,46,,30,-240,1,,0,,,,,,,epN03_tm07_big2holeup_05,1,6000,500,1,,,,,,,200,6054
0,,,,0.5,0,100,0,50,-25,0,1,,,,,,,,0,-60,,,2521,2510,,,,,,,,,,,,,,,-9999,0,,,0,0,,,,A,두칸짜리 구멍에 있는 낮은거,1,epS02_tm01,1,10,,,,,,,,,,,,1,29,,30,-60,1,,,,,,,,,epN02_tm09_jp1holeup,1,6000,500,,,,,,,,50,6055
0,,,,0.5,0,140,0,50,-25,0,1,,,,,,,,0,-60,,,2521,2510,,,,,,,,,,,,,,,-9999,0,,,0,0,,,,B,두칸짜리 구멍에 있는 높은거,1,epS02_tm01,1,10,,,,,,,,,,,,1,30,,30,-60,1,,,,,,,,,epN02_tm10_jp2holeup,1,6000,500,,,,,,,,50,6056
1,1,25,,0.5,0.1,80,0,56,-30,0,1,,,,,0,24,,30,0,,,2521,2501,2504,2520,2572,,,,,,,,,1,23,,360,200,,,200,0,,,,R,떨어지는 가로세로2단 샹들리에,1,epS02_tm01,1,13,,,,,,Platform_6057,,,,,,1,23,,30,300,1,,0,,506,,,,,epN02_tm02_big2down_endloop,1,6001,1,2002,150,1,,,,,50,6057
1,,,,0.5,0,40,0,20,-10,60,1,,,,,,,,0,-60,,,2501,2502,,,,,,,,,,,,,10,,400,200,,,200,0,,,,&,바닥 z앞에서 올라오는 1단,,,1,11,,,,,,,,,,,,,53,,0,-60,,,,,,,,,,epN02_tm07_jp1up_04,1,1,200,,,,,,,,250,6058
1,,,,0.5,0,80,0,26,-13,60,1,,,,,,,,0,-60,,,2501,2502,,,,,,,,,,,,,12,,400,200,,,200,0,,,,*,바닥 z앞에서 올라오는 2단,,,1,11,,,,,,,,,,,,,54,,0,-60,,,,,,,,,,epN02_tm07_jp2up_05,1,1,200,,,,,,,,250,6059
1,,,,0.5,0,40,0,20,-10,60,0,,,,,,,,0,-60,,,2501,2502,2575,,,,,,,,,,,,31,,-15,200,,,200,0,,,,œ,지나간 바닥 z뒤에서 올라오는 1단,,,1,11,,,,,,,,,,,,,55,,0,-60,,,,,,,,,,epN02_tm07_jp1backup_04,1,1,200,1,,,,,,,50,6060
1,,,,0.5,0,80,0,26,-13,60,0,,,,,,,,0,-60,,,2501,2502,2575,,,,,,,,,,,,32,,-15,200,,,200,0,,,,∑,지나간 바닥 z뒤에서 올라오는 2단,,,1,11,,,,,,,,,,,,,56,,0,-60,,,,,,,,,,epN02_tm07_jp2backup_05,1,1,200,1,,,,,,,50,6061
1,,,,0.5,0,40,0,20,-10,60,0,,,,,,,,0,-60,,,2501,2502,2575,,,,,,,,,,,,10,,-15,200,,,200,0,,,,®,지나간 바닥 z앞에서 올라오는 1단,,,1,11,,,,,,,,,,,,,53,,0,-60,,,,,,,,,,epN02_tm07_jp1up_04,1,1,200,1,,,,,,,250,6062
1,,,,0.5,0,80,0,26,-13,60,0,,,,,,,,0,-60,,,2501,2502,2575,,,,,,,,,,,,12,,-15,200,,,200,0,,,,X,지나간 바닥 z앞에서 올라오는 2단,,,1,11,,,,,,,,,,,,,54,,0,-60,,,,,,,,,,epN02_tm07_jp2up_05,1,1,200,1,,,,,,,250,6063
1,1,51,,0.5,0,80,0,50,-35,10,1,,,,,0,50,,30,35,,,2521,,,,,,,,,,,,,1,49,,360,0,,,0,0,,,,O,애니메이션으로 움직이는 2칸 슬라이드,,,1,13,,,,,,,,,,,,1,49,,30,35,1,,,,,,,,,epN02_tm05_sddown_endloop_04,1,6001,,,,,,,,,200,6064
1,,,,0.25,0.3,70,0,50,10,0,2,,,,,,,,0,0,,,2521,2525,2529,2552,,,,,,,,,,,,,0,0,,,0,0,,,,þ,가로세로2단 원킬 용불뿜기 장애물,,,1,10,,,,,,,,,,,,1,44,,0,0,1,,,5,,,,,,epN03_tm08_onekill_03,1,6001,6068,57,400,,,,,,250,6065
1,,,,0,0,320,0,450,0,0,0,,,,,,,,20,0,,,2527,,,,,,,,,,,,,,,,-9999,0,,,0,0,,,,,해적맛 쿠키의 비밀의 섬에 있는 동굴 (장애물 뒤),,,1,1,,,,,,,,,,cave,,,,,20,0,,,,,,,,,,epS01_tm01_cave,0,2000,,,,,,,,,20,6066
1,,,,0,0,320,0,630,0,0,0,,,,,,,,0,0,,,2527,,,,,,,,,,,,,,,,-9999,0,,,0,0,,,,,해적맛 쿠키의 비밀의 섬에 있는 동굴 (장애물 + 캐릭터 앞),,,1,1,,,,,,,,,,cave2,,,,,0,0,,,,,,,,,,epS01_tm01_cave2,0,2000,,,,,,,,,20,6067
2,,,,0.5,0,60,0,120,-60,0,0,,,,,,,,0,-60,,,,,,,,,,,,,,,,,,,-9999,0,,,0,0,,,,,용불뿜기 장애물 앞에 있는 장애물,,,1,10,,,,,,,,,,,,1,45,,0,-60,,,,,,,,,,,0,,,,,,,,,,300,6068
0,,,,0.5,1,60,0,60,-30,-60,0,,,,,,,,0,0,,,,,,,,,,,,,,,,,,,-9999,0,,,0,0,,,,,피라냐 앞에 있는 바닥 (물),,,1,10,,,,,,,,,,,,1,52,,0,0,,,,,,,,,,,0,,,,,,,,,,100,6069
1,,,,0.5,0.5,40,0,40,-20,0,1,,300,,,,,,-50,410,,,2526,2530,2536,2542,2543,,,,,6,44,,,1,62,,480,1000,500,,500,3,,63,,J,지뢰생성기,,,1,15,,,,,,,light_mine,,,,,1,62,,50,310,,,,-130,,,,,,epN04_tm03_minemaker_ing_01,1,80,6074,1,2021,1,,,,,300,6070
1,,,,0.5,0.5,40,0,40,-20,0,1,,300,,,,,,-420,200,,,2526,2530,2536,2542,2543,,,,,60,146,-120,170,1,64,,480,1450,250,700,500,4,,65,,H,지뢰생성기 (2단 점프 방해),,,1,15,,,,,,,light_mine,,,,,1,64,,80,330,,,,-130,,,,,,epN04_tm03_minemaker2_ing_01,1,80,6074,1,2022,1,,,,,300,6071
1,,,,0.5,0.26,200,0,200,-100,0,0,2250,,,,,,,-170,0,,epS02_,2534,2535,2536,2537,2538,2544,2546,,,,,,,1,86,,1000,1400,,,1400,1,,,,W,가로레이저 (위에 발사),3,epS02_tm01,1,11,,lazer_hit,lazer_end,,,,,lazer_shoot_loop,lazer_start,,,1,86,,0,0,,,,88,89,,1000,,,epN04_tm10_gun_ing_01,0,1,600,1,90,1150,400,50,,,200,6072
1,1,60,,0.5,0,75,0,120,-60,0,1,,,,,,59,,0,0,,,2520,,,,,,,,,,,,,,58,,360,250,,,250,0,,,,S,떨어지는 2x3 (땅이 흔들림),1,epS02_tm01,1,13,,,,,,,,,,,,,14,,0,300,,,,,,,,,,epN04_tm02_big23down_crash_01,1,350,,,,,,,,,200,6073
1,1,37,,0.5,0,20,0,20,-10,0,1,,,,,,14,,0,0,,,2510,2526,2540,2512,2540,,,,,,,,,,,,1000,0,,,0,0,,,,,번개 지뢰 (지뢰생성기),2,epS02_tm01,1,14,,,,,,,,,,,,,14,,0,0,,,,50,,,,,,,1,1000,80,1,2032,1,,,,,200,6074
6,,,,0.5,0.5,120,0,60,-30,-90,0,,,,,,67,,60,88,,epS02_,2521,2541,2545,2575,,,,,,,,,,,,,240,0,,,0,0,,,,[,2단점프 터져서 바닥파괴,2,epS02_tm01,1,12,,,,pink_explode,,,,,,,,1,66,,60,88,2,,3,,,,,,,epN04_tm04_jp2B,1,6907,1,6001,1,,,,,,50,6075
6,,,,0.5,0.27,60,0,60,-30,0,0,,,,,,69,,0,-2,,epS02_,2541,2545,2575,,,,,,,,,,,,,,200,0,,,0,0,,,,],1단점프 터져서 바닥파괴,2,epS02_tm01,1,12,,,,blue_explode,,,,,,,,1,68,,0,-2,,1,,,,,,,,epN04_tm04_jp1B,1,1,6001,1,,,,,,,200,6076
1,,,,0.5,0,80,0,21,-25,0,1,,,,,1,73,,0,0,,,2531,2503,,,,,,,,,,,,,72,,200,300,,,300,0,,,,C,1단에서 2단으로 변하는 음파쏘는 장애물,,,1,12,,,,,,mandragora_scream,,,,,,1,71,,0,0,,40,,,,,,,,epN04_tm05_jp12_sound_ing_05,1,-200,2023,,,,,,,,200,6077
3,,,,0.2,0.85,30,0,180,-30,-20,0,,,,,,,,0,60,,,,,,,,,,,,,,,,,,,-9999,0,,,0,0,,,,{,중간에 떠있는 3단 발판,1,epS02_tm01,1,10,,,,,,,,,,,,1,84,,0,100,,,,,,,,,,epN04_tm06_fh3,0,,,,,,,,,,100,6078
3,,,,0.1,0.85,60,0,360,-30,-60,0,,,,,,,,0,60,,,,,,,,,,,,,,,,,,,-9999,0,,,0,0,,,,},중간에 떠있는 6단 발판,1,epS02_tm01,1,10,,,,,,,,,,,,1,85,,0,60,,,,,,,,,,epN04_tm06_fh6,0,,,,,,,,,,100,6079
1,,,,0.1,0.15,150,0,260,0,0,1,,,,,,,,0,60,,,,,,,,,,,,,,,,,,,-9999,0,,,0,0,,,,/,움직이는 6칸 슬라이드,,,1,10,,,,,,,,,,,,1,74,,0,60,,,,,,,,,,epN04_tm06_sd3x6move,1,,,,,,,,,,200,6080
1,,,,0.5,0,40,0,60,-30,0,1,,,,,1,80,,0,0,,,,,,,,,,,,,,,,,77,,200,350,,,350,0,,,,%,1x1에서 1x2로 변하는 장애물 (왼쪽으로),1,epS02_tm01,1,12,,,,,,Platform_PopUpObstacle,,,,,,1,76,,0,0,,,,,,,,,,epN04_tm07_jp12sideA_02,1,,,,,,,,,,200,6081
1,,,,0.5,0,40,0,60,-30,0,1,,,,,1,83,,0,0,,,,,,,,,,,,,,,,,82,,200,350,,,350,0,,,,^,1x1에서 1x2로 변하는 장애물 (오른쪽으로),1,epS02_tm01,1,12,,,,,,Platform_PopUpObstacle,,,,,,1,81,,0,0,,,,,,,,,,epN04_tm07_jp12sideB_02,1,,,,,,,,,,200,6082
6,1,97,,0.5,0.5,60,0,60,-30,0,1,,,,,,79,,0,-2,,,2541,2545,2575,,,,,,,,,,,,,,200,0,,,0,0,,,,?,바닥이 꺼져서 구멍됨,,,1,14,,,,eat_book,,,,,,,,1,78,,0,-2,,1,,,,,,,,epN04_tm07_tbdown_04,1,1,6001,1,,,,,,,200,6083
6,,,,0.5,0.35,80,0,60,-30,0,1,,,,,1,96,,30,0,,,2521,,,,,,,,,,,,,,95,,200,0,,,0,0,,,,\,2칸짜리 장애물에서 나오는 2단 장애물,,,1,12,,,,,,Platform_PopUpObstacle,,,,,,1,46,,30,0,1,,,,,,,,,epN04_tm07_jp2up_ing_02,1,6907,,,,,,,,,50,6084
6,,,,0.5,0.25,30,2,30,0,20,1,,,,,,,,0,0,,,,,,,,,,,,,,,,,,,-9999,0,,,0,0,,,,,떠있는 1x1 장애물,2,epS02_tm01,1,10,,,,,,,,,,,,1,61,,0,0,,,,,,,,,,,1,,,,,,,,,,200,6085
1,,,,0.5,0,80,0,21,-25,0,1,,,,,1,94,,0,0,,,,,,,,,,,,,,,,1,93,,400,300,,,300,0,,,,),달려와서 찌르는애 2단,1,epS02_tm01,1,12,,,,,,wizard_move,,,,,,1,93,,200,0,,,,,,,,,,epN04_tm08_jp2attackB_end,1,,,,,,,,,,200,6086
6,,,,0.5,0.5,310,2,310,0,0,1,,,,,,,,60,120,,,2539,2540,2571,,,,,,,,,,,,,,480,4000,,,4000,0,,,,?,움직이는 6x6 슬라이드,,,1,10,,,,,,big_wheel,,,,,,1,75,,60,120,,,512,,,,,,,epN04_tm09_sd6x6down,1,360,1,5,,,,,,,200,6087
2,,,,0.5,1,60,0,60,-30,-60,0,,,,,,,,0,60,,,2525,,,,,,,,,,,,,,,,-9999,0,,,0,0,,,,x,중간에 떠있는 발판 + 1단 장애물,,,1,10,,,,,,,,,,,,1,9,,0,60,,,,,,,,,,epN04_tm09_jp1A,0,6090,,,,,,,,,100,6088
3,,,,0.5,1,60,0,60,-30,-60,0,,,,,,,,0,60,,,2525,,,,,,,,,,,,,,,,-9999,0,,,0,0,,,,y,중간에 떠있는 발판 + 슬라이드,,,1,10,,,,,,,,,,,,1,9,,0,60,,,,,,,,,,epN04_tm09_sdB,0,6091,,,,,,,,,100,6089
6,,,,0.5,0,40,0,20,-10,0,1,,,,,,,,0,60,,,,,,,,,,,,,,,,,,,-9999,0,,,0,0,,,,,중간에 떠있는 발판에 추가되는 1단장애물,,,1,10,,,,,,,,,,,,1,1,2,0,60,,,,,,,,,,,1,,,,,,,,,,200,6090
0,,,,0.5,0,90,0,50,-25,0,1,,,,,,,,0,90,,,,,,,,,,,,,,,,,,,-9999,0,,,0,0,,,,,아래중간에 떠있는 발판에 추가되는 슬라이드,,,1,10,,,,,,,,,,,,1,5,6,0,90,,,,,,,,,,,1,,,,,,,,,,200,6091
1,,,,0.5,0,60,0,21,-10,0,1,,,,,1,92,,60,0,,,,,,,,,,,,,,,,1,91,,-30,100,,,100,0,,,,(,지나고 나서 추격해오는 2단,,,1,12,,,,,,wizard_move,,,,,,,91,,0,0,,,,,,,,,,epN04_tm08_jp2attackA_run_01,1,,,,,,,,,,200,6092
1,1,51,,0.5,0,160,0,80,-40,10,1,,,,,0,50,,30,35,,,2521,,,,,,,,,,,,,1,49,,250,0,,,0,0,,,,D,애니메이션으로 움직이는 2칸 슬라이드 (충돌범위 더 넓음),,,1,13,,,,,,Platform_PopUpObstacle,,,,,,1,49,,30,35,1,,,,,,,,,epN04_tm07_sd12side_endloop_01,1,6001,,,,,,,,,200,6093
6,1,103,,0.5,0.4,20,0,20,-10,0,1,,,,,,102,,0,0,,,,2571,,,,,,,,,,,,,,,100,0,,,0,0,,,,,작아지는 떠있는 1x1 장애물,2,epS02_tm01,1,14,,,,,,big_to_small,,,,,,1,101,,0,0,,511,,,,,,,,,1,,5,,,,,,,,200,6094
1,,,,0.5,0.27,200,0,200,-100,0,0,1400,,,,,,,-170,0,,epS02_,2534,2535,2536,2537,2538,2544,2546,,,,,,,1,86,,1000,1400,,,1400,1,,,,Z,가로레이저 (아래 발사),3,epS02_tm01,1,11,,lazer_hit,lazer_end,,,,,lazer_shoot,lazer_start,,,1,86,,0,0,,,,88,89,,1000,,,epN04_tm10_gun_ing_01,0,1,600,1,90,300,400,50,,,200,6095
6,1,100,,0.5,0.25,40,0,40,-20,0,1,,,,,,99,,0,0,,,,2571,,,,,,,,,,,,,,,300,0,,,0,0,,,,,커지는 떠있는 1x1 장애물,2,epS02_tm01,1,14,,,,,,small_to_big,,,,,,1,98,,0,0,,511,,,,,,,,,1,,5,,,,,,,,200,6096
6,,,,0.5,0.5,20,0,80,-40,0,1,,,,,,,,0,0,,,,,,,,,,,,,,,,,,,-9999,0,,,0,0,,,,,임시 위 레이저 장애물 (투명),,,1,0,,,,,,,,,,,,,,,0,0,,,,,,,,,,,0,,,,,,,,,,200,6097
6,,,,0.5,0.5,20,0,30,-15,0,1,,,,,,,,0,0,,,,,,,,,,,,,,,,,,,-9999,0,,,0,0,,,,,임시 아래 레이저 장애물 (투명),,,1,0,,,,,,,,,,,,,,,0,0,,,,,,,,,,,0,,,,,,,,,,200,6098
1,,,,0.5,0,90,0,50,-25,0,1,,,,,,,,0,29,,,,,,,,,,,,,,,,,,,-9999,0,,,0,0,,,,,epN04 스테이지 10 슬라이드,,,1,10,,,,,,,,,,,,1,5,6,0,29,,,,,,,,,,tm01_sd1,1,,,,,,,,,,200,6099
0,,,,0,0,0,0,0,0,0,0,,,,,,,,,,,,,,,,,,,,,,,,,,,,,,,,,,,,,,epN04 스테이지 10 레이저 (코드에서만 사용),,,1,0,,,,,,,,,,,,,,,,,,,,,,,,,,,0,,,,,,,,,,0,6101
1,,,,0.5,0.17,300,0,220,-60,-60,3,,,,,,,,235,43,,,2551,,,,,,,,,,,,,,,,210,0,,,0,0,,,,>,얼음의 탑 문,4,epS02_tm01,1,10,,,,,,,,,,,,1,5,,235,43,1,,,,,,,,,epS02_tm01_door_2,0,7,,,,,,,,,200,6102
3,,,,0.5,1,25,0,60,-30,-30,0,,,,,,,,0,-110,,,2525,,,,,,,,,,,,,,,,400,3500,,,3500,0,,,,9,내려오는 가시가 있는 발판,,,1,10,,,,,,,,,,,,1,111,,0,160,,,,,,,,,,epS02_tm01_fhcrash_1,0,6130,,,,,,,,,100,6103
4,,,,0.5,1,25,0,60,-30,-30,0,,,,,,,,0,60,,,2525,,,,,,,,,,,,,,,,-9999,0,,,0,0,,,,",",밑에 가시가 있는 바닥있는 발판,,,1,10,,,,,,,,,,,,1,111,,0,60,,,,,,,,,,epS02_tm01_fhcrash_1,0,6131,,,,,,,,,100,6104
1,,,,0.5,0,80,0,21,-25,0,1,,,,,,,,0,0,,,2548,,,,,,,,,,,,,,,,-9999,0,,,0,0,,,,d,2단장애물 + 광속질주,,,1,10,,,,,,,,,,,,1,118,,0,0,403,,,,,,,,,epS02_tm01_jp2B,1,20,,,,,,,,,200,6105
1,,,,0.5,0,90,0,50,-25,0,1,,,,,,,,0,35,,,2548,,,,,,,,,,,,,,,,-9999,0,,,0,0,,,,F,슬라이드 + 광속질주,,,1,10,,,,,,,,,,,,1,119,,0,35,403,,,,,,,,,epS02_tm01_sdB,1,70,,,,,,,,,200,6106
1,,,,0.5,0,40,0,20,-10,0,1,,,,,,,,0,0,,,2549,,,,,,,,,,,,,,,,-9999,0,,,0,0,,,,I,1단장애물 + 얼음마법,,,1,10,,,,,,,,,,,,1,112,,0,0,0,,,,,,,,,epS02_tm01_stopjp1_1,1,5000,,,,,,,,,200,6107
1,,,,0.5,0,80,0,21,-25,0,1,,,,,,,,0,0,,,2549,,,,,,,,,,,,,,,,-9999,0,,,0,0,,,,K,2단장애물 + 얼음마법,,,1,10,,,,,,,,,,,,1,113,,0,0,0,,,,,,,,,epS02_tm01_stopjp2_1,1,5000,,,,,,,,,200,6108
1,,,,0.5,0,90,0,50,-25,0,1,,,,,,,,0,35,,,2549,,,,,,,,,,,,,,,,-9999,0,,,0,0,,,,L,슬라이드 + 얼음마법,,,1,10,,,,,,,,,,,,1,114,,0,35,0,,,,,,,,,epS02_tm01_itemsd_3,1,5000,,,,,,,,,200,6109
6,,,,0.2,0.5,20,0,20,-10,-10,1,,,,,,,,-682,0,,,2517,2515,2549,,,,,,,,,,,,,,480,8000,,,8000,0,,,,,날아오는 장애물 + 얼음마법,,,1,10,,,,,,,,,,,,1,115,,118,0,500,0,0,,,,,,,,1,16,500,5000,,,,,,,300,6110
1,,,,0.5,0.5,40,0,40,-20,0,1,,300,,,,,,-50,410,,epS02_,2526,2530,2536,2542,2543,2549,,,,6,44,,,1,62,,480,1000,500,,500,3,,63,,Q,지뢰생성기 (얼음의 탑),2,epS02_tm01,1,15,,,,,,,light_mine,,,,,1,62,,50,310,,,,-130,,0,,,,epS02_tm01_minemaker_ing_01,1,80,6113,1,2043,1,5000,,,,300,6111
1,,,,0.5,0.5,40,0,40,-20,0,1,,300,,,,,,-420,200,,epS02_,2526,2530,2536,2542,2543,2549,,,,60,146,-120,170,1,64,,480,1450,250,700,500,4,,65,,T,지뢰생성기 (2단 점프 방해) (얼음의 탑),2,epS02_tm01,1,15,,,,,,,light_mine,,,,,1,64,,80,330,,,,-130,,0,,,,epS02_tm01_minemaker2_ing_01,1,80,6113,1,2043,1,5000,,,,300,6112
1,,,,0.5,0,20,0,20,-10,0,1,,,,,1,37,,0,0,,epS02_,2549,2523,2526,2540,,,,,,,,,,,,,360,0,,,0,0,,,,=,번개 지뢰 (얼음의 탑 + 지뢰생성기),2,epS02_tm01,1,14,,light_mine_explode,,,,,,,,,,,14,,0,0,0,,,,,,,,,,1,5000,38,80,1,,,,,,200,6113
3,,,,0.5,0.85,25,0,60,-30,-30,0,,,,,,,,0,60,,,2525,,,,,,,,,,,,,,,,-9999,0,,,0,0,,,,.,밑에 가시가 있는 중간에 떠있는 발판,,,1,10,,,,,,,,,,,,1,111,,0,60,,,,,,,,,,epS02_tm01_fhcrash_1,0,6132,,,,,,,,,100,6114
3,,,,0.5,0.85,10,0,60,-30,-15,0,,,,,,,,0,200,,,2525,,,,,,,,,,,,,,,,400,3500,,,3500,0,,,,_,위로 올라가는 가시가 있는 발판,,,1,10,,,,,,,,,,,,1,111,,0,-30,,,,,,,,,,epS02_tm01_fhcrash_1,0,6133,,,,,,,,,100,6115
5,,,,0.5,0.85,10,0,60,-30,-15,0,,,,,,,,0,60,,,,,,,,,,,,,,,,,,,-9999,0,,,0,0,,,,,발판 중간에 떠있는(맵툴용),,,1,10,,,,,,,,,,,,1,9,,0,0,,,,,,,,,,,0,,,,,,,,,,100,6116
5,,,,0.5,0.85,10,0,60,-30,-15,0,,,,,,,,0,200,,,,,,,,,,,,,,,,,,,400,3500,,,3500,0,,,,,발판 위로 올라가는(맵툴용),,,1,10,,,,,,,,,,,,1,9,,0,-125,,,,,,,,,,,0,,,,,,,,,,100,6117
5,,,,0.5,0.85,10,0,60,-30,-15,0,,,,,,,,0,-110,,,,,,,,,,,,,,,,,,,400,3500,,,3500,0,,,,,발판 아래로 내려가는(맵툴용),,,1,10,,,,,,,,,,,,1,9,,0,60,,,,,,,,,,,0,,,,,,,,,,100,6118
5,,,,0.5,0.85,10,0,60,-30,-15,0,,,,,,,,0,60,,,2525,,,,,,,,,,,,,,,,-9999,0,,,0,0,,,,,가시발판 중간에 떠있는(맵툴용),,,1,10,,,,,,,,,,,,1,111,,0,0,,,,,,,,,,,0,6134,,,,,,,,,100,6119
5,,,,0.5,0.85,10,0,60,-30,-15,0,,,,,,,,0,200,,,2525,,,,,,,,,,,,,,,,400,3500,,,3500,0,,,,,가시발판 위로 올라가는(맵툴용),,,1,10,,,,,,,,,,,,1,111,,0,-125,,,,,,,,,,,0,6135,,,,,,,,,100,6120
5,,,,0.5,0.85,10,0,60,-30,-15,0,,,,,,,,0,-110,,,2525,,,,,,,,,,,,,,,,400,3500,,,3500,0,,,,,가시발판 아래로 내려오는(맵툴용),,,1,10,,,,,,,,,,,,1,111,,0,60,,,,,,,,,,,0,6136,,,,,,,,,100,6121
6,,,,0.5,0.17,300,0,220,-110,-60,0,,,,,,,,185,45,,,,,,,,,,,,,,,,,,,-9999,0,,,0,0,,,,,얼음의 탑 문 (배경 왼쪽),4,epS02_tm01,1,10,,,,,,,,,,,,1,1,,185,45,,,,,,,,,,,0,,,,,,,,,,20,6122
6,,,,0.5,0.17,300,0,220,-110,-60,0,,,,,,,,430,45,,,,,,,,,,,,,,,,,,,-9999,0,,,0,0,,,,,얼음의 탑 문 (배경 오른쪽),4,epS02_tm01,1,10,,,,,,,,,,,,1,2,,430,45,,,,,,,,,,,0,,,,,,,,,,20,6123
6,,,,0.5,0,80,0,21,-25,0,0,,,,,,,,235,0,,epS02_,,,,,,,,,,,,,,,,,400,0,,,0,0,,,,,얼음의 문 반짝거리는 장식,4,epS02_tm01,1,10,,,,,,ice_door_rune,,,,,,1,3,,235,0,,,,,,,,,,,0,,,,,,,,,,200,6124
6,,,,0.5,1,20,0,50,-25,-30,1,,,,,,,,0,60,,,,,,,,,,,,,,,,,,,-9999,0,,,0,0,,,,,발판 밑에 있는 가시 (찍으면 안됨),,,1,10,,,,,,,,,,,,1,117,,0,60,,,,,,,,,,,1,,,,,,,,,,100,6126
1,,,,0.5,0,80,0,21,-25,0,1,,,,,,,,0,0,,,2548,,,,,,,,,,,,,,,,-9999,0,,,0,0,,,,n,2단장애물 + 거대화,,,1,10,,,,,,,,,,,,1,118,,0,0,404,,,,,,,,,epS02_tm01_jp2A,1,20,,,,,,,,,200,6128
1,,,,0.5,0,90,0,50,-25,0,1,,,,,,,,0,35,,,2548,,,,,,,,,,,,,,,,-9999,0,,,0,0,,,,w,슬라이드 + 거대화,,,1,10,,,,,,,,,,,,1,119,,0,35,404,,,,,,,,,epS02_tm01_sdA,1,70,,,,,,,,,200,6129
3,,,,0.5,1,10,0,60,-30,-20,1,,,,,,,,0,-110,,,,,,,,,,,,,,,,,,,400,3500,,,3500,0,,,,,내려오는 가시가 있는 발판(에 추가 되는 가시),,,1,10,,,,,,,,,,,,1,117,,0,160,,,,,,,,,,,0,,,,,,,,,,100,6130
4,,,,0.5,1,10,0,60,-30,-20,1,,,,,,,,0,60,,,,,,,,,,,,,,,,,,,-9999,0,,,0,0,,,,,밑에 가시가 있는 바닥있는 발판(에 추가 되는 가시),,,1,10,,,,,,,,,,,,1,117,,0,60,,,,,,,,,,,0,,,,,,,,,,100,6131
5,,,,0.5,0.85,10,0,60,-30,-20,1,,,,,,,,0,60,,,,,,,,,,,,,,,,,,,-9999,0,,,0,0,,,,,밑에 가시가 있는 중간에 떠있는 발판(에 추가 되는 가시),,,1,10,,,,,,,,,,,,1,117,,0,60,,,,,,,,,,,0,,,,,,,,,,100,6132
3,,,,0.5,1,10,0,60,-30,-20,1,,,,,,,,0,200,,,,,,,,,,,,,,,,,,,400,3500,,,3500,0,,,,,위로 올라가는 가시가 있는 발판(에 추가 되는 가시),,,1,10,,,,,,,,,,,,1,117,,0,-30,,,,,,,,,,,0,,,,,,,,,,100,6133
5,,,,0.5,0.85,10,0,60,-30,-20,1,,,,,,,,0,60,,,,,,,,,,,,,,,,,,,-9999,0,,,0,0,,,,,가시발판 중간에 떠있는(맵툴용)(에 추가 되는 가시),,,1,10,,,,,,,,,,,,1,117,,0,0,,,,,,,,,,,0,,,,,,,,,,100,6134
5,,,,0.5,0.85,10,0,60,-30,-20,1,,,,,,,,0,200,,,,,,,,,,,,,,,,,,,400,3500,,,3500,0,,,,,가시발판 위로 올라가는(맵툴용)(에 추가 되는 가시),,,1,10,,,,,,,,,,,,1,117,,0,-125,,,,,,,,,,,0,,,,,,,,,,100,6135
5,,,,0.5,0.85,10,0,60,-30,-20,1,,,,,,,,0,-110,,,,,,,,,,,,,,,,,,,400,3500,,,3500,0,,,,,가시발판 아래로 내려오는(맵툴용)(에 추가 되는 가시),,,1,10,,,,,,,,,,,,1,117,,0,60,,,,,,,,,,,0,,,,,,,,,,100,6136
1,,,,0.5,0,60,2,60,0,55,1,,,,,,,,0,-70,,,2556,2554,,,,,,,,,,,,1,120,,480,4000,,,4000,0,,,,,회전하는 슬라이드,,,1,11,,,,,,,,,,,,,120,,0,-70,,,,,,,,,,,1,180,270,,,,,,,,200,6137
1,,,,0.5,0,60,2,60,0,55,1,,,,,,,,0,-70,,,2556,2554,,,,,,,,,,,,1,120,,480,4000,,,4000,0,,,,,회전하는 1단 점프,,,1,11,,,,,,,,,,,,,120,,0,-70,,,,,,,,,,,1,180,90,,,,,,,,200,6138
2,,,,0.5,1,60,0,60,-30,-60,0,,,,,,,,0,0,,,2557,,,,,,,,,,,,,,,,480,0,,,0,0,,,,U,바닥(얼음보스를 소환),,,1,10,,,,,,,,,,,,1,7,8,0,0,,,,,,,,,,epS02_boss_start,0,6145,,,,,,,,,100,6139
2,,,,0.5,1,60,0,60,-30,-60,0,,,,,,,,0,0,,,2558,,,,,,,,,,,,,,,,480,0,,,0,0,,,,`,바닥(얼음보스를 소환 해제),,,1,10,,,,,,,,,,,,1,7,8,0,0,,,,,,,,,,epS02_boss_end,0,6145,,,,,,,,,100,6140
1,,,,0.5,0,40,0,20,-10,0,1,,,,,1,11,,0,0,,,2516,,,,,,,,,,,,,0,10,,300,100,,,100,0,,,,-,1단장애물(얼음보스가 소환),,,1,12,,,,,,,,,,,,1,14,,0,0,300,,,,,,,,,epS02_boss_jump1,1,2054,,,,,,,,,200,6141
1,,,,0.5,0,80,0,21,-25,0,1,,,,,1,13,,0,0,,,2516,,,,,,,,,,,,,0,12,,300,100,,,100,0,,,,+,2단장애물(얼음보스가 소환),,,1,12,,,,,,,,,,,,1,14,,0,0,300,,,,,,,,,epS02_boss_jump2,1,2054,,,,,,,,,200,6142
1,1,28,,0.5,0.12,90,0,50,-25,0,1,,,,,0,27,,0,35,,,2516,,,,,,,,,,,,,1,48,,300,100,,,100,0,,,,;,슬라이드(얼음보스가 소환),,,1,13,,,,,,,,,,,,1,48,,0,35,300,,,,,,,,,epS02_boss_slide,1,2054,,,,,,,,,200,6143
6,,,,0.5,0.25,30,2,30,0,20,1,,,,,1,61,,0,0,,,2516,,,,,,,,,,,,,0,122,,300,300,,,300,0,,,,,떠있는 1x1 장애물(얼음보스가 소환),2,epS02_tm01,1,12,,,,,,,,,,,,1,,,0,0,300,,,,,,,,,,1,2054,,,,,,,,,200,6144
1,,,,0.5,0,200,0,200,-100,0,0,30000,,,,,,,-170,0,,,2534,2535,2536,2544,,,,,,,,,,1,121,,1000,700,,,700,1,,,,,장애물 소환하는 얼음보스,3,epS02_tm01,1,11,,,,,,,,,,,,1,121,,0,0,,,,,,,,,,,0,1,600,1,280,,,,,,200,6145
2,,,,0.5,0.5,60,0,60,-30,-60,0,,,,,,,,0,0,,,2560,,,,,,,,,,,,,,,,-9999,0,,,0,0,,,,"""",속도가 느린 바닥,,,1,10,,,,,,,,,,,,1,123,,2,0,,,,,,,,,,epS02_tm01_tb9.png,0,500,,,,,,,,,100,6146
0,,,,0.5,0,60,0,60,-30,-60,0,,,,,,,,0,-60,,,2536,2575,,,,,,,,,,,,0,32,,300,500,,,500,0,,,,å,바닥이 꺼져서 구멍됨 (에피소드3),,,1,11,,,,,,,,,,,,0,7,,0,-60,,,,,,,,,,epS02_boss_jump1,0,,1,,,,,,,,100,6147
6,,,,0.5,0,40,0,20,-10,0,0,,,,,0,125,,20,-70,,,2501,2504,2541,2545,2575,,,,,,,,,0,124,,540,200,,,200,0,,,,ß,하늘에서 떨어지는 1단,,,1,12,,,,SoundEff_MeteorBreakPlane,,,,,,,,0,17,,140,300,,0,,1,,,,,,epS02_boss_jump1,0,1,2002,1,6001,1,,,,,200,6148
1,1,128,,0.5,0,40,0,20,-10,0,1,,,,,0,127,,0,0,,,2501,2504,,,,,,,,,,,,0,126,,540,200,,,200,0,,,,∂,떨어지는 1단 장애물 (사선)(메테오),,,1,13,,,,SoundEff_MeteorCreatesObstacle,,,,,,,,0,17,,120,300,,0,,,,,,,,epS02_boss_jump1,1,1,2002,,,,,,,,100,6149
1,1,131,,0.5,0,15,0,130,-65,0,1,,,,,0,130,,0,0,,,,,,,,,,,,,,,,,,,420,0,,,0,0,,,,ƒ,1칸에서 3칸으로 확대되는 1단 장애물 (폭탄),,,1,14,,,,SoundEff_MiniVolcanoExplosion,,,,,,,,1,129,,0,0,,,,,,,,,,epS02_boss_jump1,1,,,,,,,,,,200,6150
1,0,134,,0.53,0.055,40,0,20,-10,0,1,,,,,0,133,,0,0,,,,,,,,,,,,,,,,,,,300,0,,,0,0,,,,©,슬라이드>1단점프되는 장애물,,,1,14,,,,SoundEff_MashmellowFalls,,,,,,,,1,132,,0,0,,,,,,,,,,epS02_boss_jump1,1,,,,,,,,,,100,6151
1,0,137,,0.53,0.055,80,0,21,-20,0,1,,,,,0,136,,0,0,,,,,,,,,,,,,,,,,,,360,0,,,0,0,,,,˙,슬라이드>2단점프되는 장애물,,,1,14,,,,SoundEff_MashmellowFalls,,,,,,,,1,135,,0,0,,,,,,,,,,epS02_boss_jump1,1,,,,,,,,,,100,6152
6,,,,0.5,0,120,0,20,-10,60,4,,,,,0,140,,0,-203,,,2501,2502,2561,2525,,,,,,,,,,1,139,,300,1300,,,1300,0,,,,∆,바닥 z앞에서 올라오는 2단,,,1,12,,,,,,SoundEff_MagmaPlate,,,,,,0,138,,0,-203,,,,,,,,,,epS02_boss_jump1,0,1,200,360,6159,,,,,,200,6153
0,,,,0.5,0.5,40,0,20,-10,-20,1,300,,,,,,,0,30,,,2528,2526,2525,,,,,,,,,,,,,,400,100,,,100,2,,,,˚,구멍에서 나왔다가 들어가는 1단,,,1,10,,,,,,,,,,,,1,29,,0,-140,,,,,,,,,,epS02_boss_jump1,1,1,80,6171,,,,,,,100,6154
0,,,,0.5,0.5,40,0,20,-10,-20,1,300,,,,,,,0,70,,,2528,2526,2525,,,,,,,,,,,,,,400,100,,,100,2,,,,¬,구멍에서 나왔다가 들어가는 2단,,,1,10,,,,,,,,,,,,1,30,,0,-140,,,,,,,,,,epS02_boss_jump1,1,1,80,6171,,,,,,,100,6155
0,,,,0.5,1,60,0,60,-30,-60,0,,,,,,,,0,0,,,,,,,,,,,,,,,,,,,-9999,0,,,0,0,,,,…,피라냐 앞에 있는 바닥 (물),,,1,10,,,,,,,,,,,,1,52,,0,-40,,,,,,,,,,epS02_boss_jump1,0,,,,,,,,,,200,6156
1,,,,0.5,0,40,0,20,-10,0,1,,,,,,,,-320,0,,,,,,,,,,,,,,,,1,34,,600,3600,,,3600,0,,,,æ,쭉 달려가는애 1단,,,1,11,,,,,,,,,,,,1,34,,200,0,,,,,,,,,,epS02_boss_jump1,1,,,,,,,,,,200,6157
1,,,,0.5,0,85,0,21,-25,0,1,,,,,,,,-320,0,,,2572,,,,,,,,,,,,,1,91,,600,3600,,,3600,0,,,,Ω,쭉 달려가는애 2단,,,1,11,,,,,,Platform_5_6_Chipmunk,,,,,,1,91,,200,0,507,,,,,,,,,epS02_boss_jump1,1,1,,,,,,,,,200,6158
5,,,,0.5,1,10,0,60,-30,-15,0,,1450,,,,,,0,-222,,,,,,,,,,,,0,182,,,1,9,,360,400,200,,200,3,,,,≈,용암에 밀려나는 얇은 발판,,,1,11,,,,,,,,,,,,1,9,,0,-142,,,,,,,,,,epS02_boss_jump1,0,,,,,,,,,,250,6159
1,,,,0.5,0,80,0,160,-185,0,0,,,,,,,,80,-90,,,2562,2563,2575,,,,,,,,,,,0,149,,360,1000,,,1000,0,,,,ç,용 밟기,,,4,21,,,,,,SoundEff_Dragon_SmashWithFoot,,,,,,0,148,,80,-90,,,,,,,,,,epS02_boss_jump1,0,6162,800,1,,,,,,,200,6160
1,,,,0.5,0,80,0,160,-145,0,0,,,,,,,,40,-115,,,2562,2563,2575,,,,,,,,,,,0,151,,320,1000,,,1000,0,,,,√,용 꼬리 내려치기,,,4,21,,,,,,SoundEff_Dragon_SmashWithTail,,,,,,0,150,,40,-115,,,,,,,,,,epS02_boss_jump1,0,6162,735,1,,,,,,,200,6161
0,,,,0.5,0,60,0,60,-30,-60,0,,,,,,,,0,-60,,,2536,2575,,,,,,,,,,,,0,32,,2000,500,,,500,0,,,,,바닥이 생성되자마자 와장창 꺼져서 구멍됨(에피소드3),,,1,11,,,,,,Platform_MoveDownFloor,,,,,,0,7,,0,-60,,,,,,,,,,epS02_boss_jump1,0,1,1,,,,,,,,100,6162
1,,,,0.5,0,220,0,700,-400,20,4,,,,,,,,-1500,15,,,2575,,,,,,,,,,,,,1,146,,1450,2300,,,2300,0,,,,˜,용 위로 지나감(슬라이드),,,3,11,,,,,,SoundEff_Dragon_Wave,,,,,,1,146,,950,15,,,,,,,,,,epS02_boss_jump1,0,1,,,,,,,,,200,6163
6,,,,0.2,0.5,20,0,20,-10,-10,1,,,,,,,,-800,0,,,2511,2517,2515,,,,,,,,,,,,,,480,8000,,,8000,0,,,,,용 수호병이 뱉는 아이스볼트,,,1,10,,,,,,,,,,,,1,15,,0,0,500,500,0,,,,,,,,1,3000,16,500,,,,,,,300,6164
6,,,,0.5,1,60,0,60,-30,-60,0,,,,,,,,0,0,,,,,,,,,,,,,,,,,,,-9999,0,,,0,0,,,,µ,피라냐 앞에 있는 바닥 (물) (용암발판용),,,1,10,,,,,,,,,,,,1,52,,0,-40,,,,,,,,,,epS02_boss_jump1,0,,,,,,,,,,200,6165
1,,,,0,0,320,0,800,0,0,0,,,,,,,,20,0,,,2527,,,,,,,,,,,,,,,,-9999,0,,,0,0,,,,≤,에피소드3 스테이지5->6위치의 동굴 (장애물 뒤),,,1,1,,,,,,,,,,cave_01,,,,,0,-60,,,,,,,,,,epS01_tm01_cave,0,2000,,,,,,,,,20,6166
1,,,,0,0,320,0,800,0,0,0,,,,,,,,0,0,,,2527,,,,,,,,,,,,,,,,-9999,0,,,0,0,,,,≥,에피소드3 스테이지5->6위치의 동굴(장애물 + 캐릭터 앞),,,1,1,,,,,,,,,,cave_02,,,,,0,-60,,,,,,,,,,epS01_tm01_cave2,0,2000,,,,,,,,,20,6167
1,,,,0.1,0.15,190,0,320,-7,-20,1,,,,,,,,0,60,,,,,,,,,,,,,,,,,,,-9999,0,,,0,0,,,,≠,움직이는 6칸 슬라이드 (에피소드3),,,1,10,,,,,,,,,,,,1,74,,0,60,,,,,,,,,,epN04_tm06_sd3x6move,1,,,,,,,,,,200,6168
1,1,19,,0.5,0,40,0,20,-10,0,1,,,,,0,18,,0,0,,,2501,2504,,,,,,,,,,,,0,17,,360,200,,,200,0,,,,¡,하늘에서 떨어지는 1단(에피소드 3 2스테이지용),,,1,13,,,,,,Platform_MoveDownJump,,,,,,0,17,,0,300,,0,,,,,,,,sky_ob_jp1,1,1,2002,,,,,,,,50,6169
1,1,22,,0.5,0,80,0,21,-25,0,1,,,,,0,21,,0,0,,epS02_,2501,2504,,,,,,,,,,,,0,20,,360,200,,,200,0,,,,™,하늘에서 떨어지는 2단(에피소드 3 2스테이지용),,,1,13,,,,,,Platform_MoveDownJump,,,,,,0,20,,0,300,,0,,,,,,,,sky_ob_jp2,1,1,2002,,,,,,,,50,6170
0,,,,0.5,1,60,0,60,-30,-60,0,,,,,,,,0,0,,,,,,,,,,,,,,,,,,,-9999,0,,,0,0,,,,,용암 피라냐 생성되는 구멍(noti),,,1,10,,,,,,,,,,,,1,47,,0,-14,,,,,,,,,,,0,,,,,,,,,,200,6171
1,,,,0.5,0,80,0,26,-13,0,1,,,,,1,143,,0,0,,,,,,,,,,,,,,,,,142,,360,200,,,200,0,,,,£,1단에서 2단이 되는 장애물(에피소드3 6스테이지용),,,1,13,,,,,,oneBecomeTwo,,,,,,,141,,0,0,,,,,,,,,,epN03_tm03_jp12_endloop_03,1,,,,,,,,,,200,6172
0,,,,0.5,1,60,0,60,-30,-60,0,,,,,,,,0,0,,,,,,,,,,,,,,,,,,,-9999,0,,,0,0,,,,,일반 피라냐 생성되는 구멍(noti),,,1,10,,,,,,,,,,,,1,47,,0,-14,,,,,,,,,,,0,,,,,,,,,,200,6177
0,,,,0.5,1,60,0,60,-30,-60,0,,,,,,,,0,0,,,,,,,,,,,,,,,,,,,-9999,0,,,0,0,,,,§,피라냐 앞에 있는 바닥 (물),,,1,10,,,,,,,,,,,,1,52,,0,-14,,,,,,,,,,epS02_boss_jump1,0,,,,,,,,,,200,6178
1,,,,0.5,0,20,0,20,-10,0,1,,,,,,,,0,0,,,2510,2512,,,,,,,,,,,,,,,0,0,,,0,0,,,,¶,스테이지별로 다른 지뢰,,,1,10,,,,,,,,,,,,1,153,,0,0,,0,,,,,,,,tm01_jp1,1,1000,2012,,,,,,,,200,6179
1,,,,0.5,0,80,0,26,-13,0,1,,,,,1,41,,0,-10,,,,,,,,,,,,,,,,,40,,360,200,,,200,0,,,,Œ,(EP3 4Stage) 1단에서 2단이 되는 장애물(Alt Q),,,1,13,,,,,,oneBecomeTwo,,,,,,,39,,0,-10,,,,,,,,,,epN03_tm03_jp12_endloop_03,1,,,,,,,,,,200,6180
1,,,,0.5,0,40,0,20,-10,0,1,,,,,,,,0,-10,,,,,,,,,,,,,,,,,,,-9999,0,,,0,0,,,,†,(EP3 4Stage) 1단장애물(Alt T),,,1,10,,,,,,,,,,,,1,1,2,0,-10,,,,,,,,,,tm01_jp1,1,,,,,,,,,,200,6181
1,,,,0.5,0,80,0,21,-25,0,1,,,,,,,,0,-10,,,,,,,,,,,,,,,,,,,-9999,0,,,0,0,,,,Á,(EP3 4Stage) 2단장애물(Alt Y),,,1,10,,,,,,,,,,,,1,3,4,0,-10,,,,,,,,,,tm01_jp2,1,,,,,,,,,,200,6182
1,1,19,,0.5,0.1,40,0,20,-10,0,1,,,,,0,18,,0,-10,,,2501,2504,,,,,,,,,,,,0,17,,360,200,,,200,0,,,,¨,(EP3 4Stage) 하늘에서 떨어지는 1단(Alt U),,,1,13,,,,,,Platform_MoveDownJump,,,,,,0,17,,0,300,,0,,,,,,,,sky_ob_jp1,1,1,2002,,,,,,,,50,6183
1,1,154,,0.5,0,220,0,50,-35,0,1,,0,,,1,154,,0,0,,,2564,2565,,,,,,,,0,60,0,60,1,156,,150,1000,500,500,0,4,,155,,â,(EP5-2) 달려와서 점프하는 기린,,,1,12,,,,,,Platform_5_2_giraffe,,,,,,1,154,,0,0,,,,,,,,,,epN05_tm02_jp2attackA_run_02,1,-500,790,,,,,,,,200,6184
1,,,,0.5,0,40,0,20,-10,0,1,,,,,0,35,,0,0,,,,,,,,,,,,,,,,1,34,,400,400,,,400,0,,,,ê,(EP5-2) 달려오다 잠드는 토끼,,,1,12,,,,,,Platform_5_2_rabbit,,,,,,1,34,,100,0,,,,,,,,,,epN05_tm02_jp1attack_run_03,1,,,,,,,,,,200,6185
1,,,,0.5,0,40,0,20,-10,0,1,,,,,,,,0,0,,,2566,2567,,,,,,,,,,,,,,,-9999,0,,,0,0,,,,î,(EP5-3) 머리에 올라타는 개구리 (아래),,,1,10,,,,,,,,,,,,1,1,,0,0,4,,,,,,,,,epN05_tm03_jp1221_end,1,6187,1,,,,,,,,200,6186
1,,,,0.5,0,40,0,20,20,0,1,,,,,1,159,,0,0,,,2568,2569,,,,,,,,,,,,0,158,,300,400,,,400,0,,,,,(EP5-3) 머리에 올라타는 개구리 (위),,,1,12,,,,,,Platform_5_3_frog,,,,,,1,157,,0,0,,,,,,,,,,,1,1,6003,,,,,,,,200,6187
1,,,,0.5,0,40,0,20,-10,0,1,,,,,,,,0,0,,,2566,2567,,,,,,,,,,,,,,,-9999,0,,,0,0,,,,ô,(EP5-3) 개구리 먹는 뱀 (개구리),,,1,10,,,,,,,,,,,,1,1,,0,0,-2,,,,,,,,,epN05_tm03_sdA_02,1,6189,1,,,,,,,,200,6188
1,,,,0.5,0,90,0,50,-25,35,1,,,,,1,182,,0,0,,,2568,,,,,,,,,,,,,0,181,,300,400,,,400,0,,,,,(EP5-3) 개구리 먹는 뱀 (뱀),,,1,12,,,,,,Platform_5_3_snake,,,,,,1,180,,0,0,,,,,,,,,,,1,1,,,,,,,,,200,6189
1,,,,0.5,0,90,0,50,-25,150,1,,,,,,,,0,0,,,2570,,,,,,,,,,,,,1,164,,400,0,,,0,0,,,,û,(EP5-5) 1단 장애물 생성하는 슬라이드 장애물 (star fruit),,,1,11,,,,Platform_5_4_star,,,,,,,,1,163,,0,0,0,,,,,,,,,epN05_tm05_rsd1_end,1,6191,,,,,,,,,200,6190
1,,,,0.5,0,40,0,20,-10,0,1,,,,,1,166,,0,0,,,,,,,,,,,,,,,,1,166,,-9999,0,,,0,0,,,,,(EP5-5) 슬라이드 장애물에서 생성된 1단,,,1,21,,,,,,,,,,,,0,165,,0,0,,,,,,,,,,,1,,,,,,,,,,200,6191
1,,,,0.53,0.006,80,0,56,-30,0,1,,,,,1,168,,0,0,,,,,,,,,,,,,,,,0,167,,360,200,,,200,0,,,,Â,(EP5-6) 선물 우르르 (2x2),,,1,11,,,,,,Platform_5_6_gift,,,,,,0,168,,0,300,,,,,,,,,,epN05_tm06_inside_big23Adown_ing_07,1,,,,,,,,,,100,6192
1,,,,0.5,0,80,0,26,-13,0,1,,,,,1,171,179,0,0,,,,,,,,,,,,,,,,0,170,178,360,200,,,200,0,,,,Ê,"(EP5-7) 다가가면 확 커지는 버섯, 초코뭉치",,,1,12,,,,,,Platform_5_8_PopOut,,,,,,1,169,177,0,0,,,,,,,,,,epN05_tm07_jp2up_ing_03,1,,,,,,,,,,200,6193
1,,,,0.5,0,120,0,80,-50,0,1,,,,,,,,0,0,,,,,,,,,,,,,,,,,,,480,2000,,,2000,0,,,,Î,(EP5-8) 다가오는 골렘,,,1,10,,,,,,Platform_5_8_ComingGolem,,,,,,1,172,,200,0,,,,,,,,,,epN05_tm08_bl1_walk23_08,1,,,,,,,,,,200,6194
1,,,,0.5,0,120,0,80,-20,0,1,,,,,1,175,,0,0,,,2569,,,,,,,,,,,,,0,174,,360,1000,,,1000,0,,,,Ô,(EP5-8) 무너지는 골렘,,,1,11,,,,,,Platform_5_8_golem,,,,,,1,173,,0,0,,,,,,,,,,epN05_tm08_bl1_jp23_ing_09,1,6002,,,,,,,,,200,6195
1,1,2,,0.3,0,400,0,200,0,0,4,,,,,0,1,,0,0,,,2520,2575,,,,,,,,,,,,0,0,,480,2000,,,2000,0,,,,Û,(EP5-9) 공룡발 (쿠키 뒤로 떨어짐),1,epN05_tm09,2,13,,,,Platform_5_8_dino_crash,,Platform_5_8_dino_down,,,,,,1,0,,200,300,,,,,,,,,,epN05_tm09_dg_foot_06,0,150,1,,,,,,,,200,6196
1,,,,0.3,0,400,0,200,0,0,4,,0,,,1,4,,-300,100,,,,2575,,,,,,,,0,0,-100,50,0,3,,350,1200,500,500,200,4,,,,ã,(EP5-9) 공룡발 (쿠키 앞에서 등장해서 천천히 올라감),1,epN05_tm09,2,22,,,,,,Platform_5_8_dino_up,,,,,,1,2,,0,0,,,,,,,,,,epN05_tm09_dg_foot_06,0,,1,,,,,,,,200,6197
1,,,,0.4,0.29,40,0,20,-10,0,1,,,,,0,11,,0,0,,,2501,2502,,,,,,,,,,,,0,10,,400,1000,,,1000,0,,,,ñ,(EP5-3) 발판 뒤에서 튀어나오는 개구리,,,1,12,,,,,,Platform_5_3_frog2,,,,,,,53,,0,0,,,,,,,,,,epN05_tm03_jp1up_endloop,1,1,200,,,,,,,,250,6198
1,,,,0.5,0,80,0,26,-13,0,1,,,,,1,41,,0,0,,,,,,,,,,,,,,,,,40,,490,800,,,800,0,,,,õ,(EP5-4) 1단에서 2단 되는 장애물,,,1,13,,,,,,Platform_5_4_OneTwo,,,,,,,39,,0,0,,,,,,,,,,epN03_tm03_jp12_endloop_03,1,,,,,,,,,,200,6199
6,,,,0.5,0.17,300,0,220,0,-60,3,,,,,,,,235,43,,,2551,,,,,,,,,,,,,,,,210,0,,,0,0,,,,,얼음의 탑 문 오른쪽 (앞 레이어),4,epS02_tm01,1,10,,,,,,,,,,,,1,6,,235,43,,,,,,,,,,,0,8,,,,,,,,,200,6205
6,,,,0.5,0,60,0,21,-25,0,0,,,,,,,,235,0,,,,,,,,,,,,,,,,,,,-9999,0,,,0,0,,,,,얼음의 문 반짝거리는 장식 (앞 레이어),4,epS02_tm01,1,10,,,,,,,,,,,,1,4,,235,0,,,,,,,,,,,0,,,,,,,,,,200,6206
0,,,,0.5,0,80,0,21,-25,0,1,,,,,,,,0,1,16,,2555,2501,,,,,,,,,,,,,,,350,800,,,800,5,,,,,(복숭아맛 쿠키)튀어나오는 점프 장애물,,,1,10,,,,,,,,,,,,1,3,,0,-100,,,,,,,,,,,0,6,1,,,,,,,,50,6209
0,,,,0.5,0,90,0,50,-25,0,1,,,,,,,,0,100,16,,2555,2501,,,,,,,,,,,,,,,250,800,,,800,5,,,,,(복숭아맛 쿠키)튀어나오는 슬라이드 장애물,,,1,10,,,,,,,,,,,,1,5,,0,360,,,,,,,,,,,0,6,1,,,,,,,,200,6210
0,,,,0.5,0.5,40,0,60,-30,-20,1,,,,,,,,-682,0,17,,2515,,,,,,,,,,,,,,,,480,8000,,,8000,0,,,,,(대추맛 쿠키) 날아오는 화살 장애물,,,1,10,,,,,,,,,,,,1,3,,118,0,0,,,,,,,,,,1,500,,,,,,,,,300,6211
0,,,,0.5,0.5,40,0,60,-30,-20,1,,,,,,,,-682,0,17,,2515,,,,,,,,,,,,,,,,480,6000,,,6000,0,,,,,(대추맛 쿠키) 날아오는 화살 장애물 속도 빠름,,,1,10,,,,,,,,,,,,1,3,,118,0,0,,,,,,,,,,1,500,,,,,,,,,300,6212
0,,,,0.5,0.5,40,0,60,-30,-20,1,,,,,,,,-682,0,17,,2515,,,,,,,,,,,,,,,,480,5000,,,5000,0,,,,,(대추맛 쿠키) 날아오는 화살 장애물 속도 더 빠름,,,1,10,,,,,,,,,,,,1,3,,118,0,0,,,,,,,,,,1,500,,,,,,,,,300,6213
0,,,,0.5,0,90,0,21,-25,0,1,,,,,,,,0,0,16,,2555,2501,,,,,,,,,,,,,,,350,800,,,800,5,,,,,(복숭아맛 쿠키)튀어나오는 점프 장애물2,,,1,10,,,,,,,,,,,,1,4,,0,-100,,,,,,,,,,,0,6,1,,,,,,,,50,6214
0,,,,0.5,0,90,0,50,-25,0,1,,,,,,,,0,100,16,,2555,2501,,,,,,,,,,,,,,,350,800,,,800,5,,,,,(복숭아맛 쿠키)튀어나오는 슬라이드 장애물2,,,1,10,,,,,,,,,,,,1,6,,0,360,,,,,,,,,,,0,6,1,,,,,,,,200,6215
0,,,,0.5,0.1,80,0,56,-30,0,1,,,,,,,,0,0,18,,,,,,,,,,,,,,,,,,360,0,,,0,0,,,,,(양파맛 쿠키) 샹들리에,,,1,10,,,,,,,,,,,,1,5,,0,0,,,,,,,,,,,1,,,,,,,,,,99,6216
0,,,,0.5,0.1,80,0,56,-30,0,1,,,,,1,10,,0,0,18,,,,,,,,,,,,,,,0,9,,360,500,,,500,0,,,,,(양파맛 쿠키) 샹들리에 - 꺼져있다가 불이 붙는다.,,,1,12,,,,,,Onion_Chendelier_TurnOn,,,,,,1,5,,0,0,,,,,,,,,,,1,,,,,,,,,,99,6217
0,1,13,,0.5,0.1,80,0,56,-30,0,1,,,,,0,12,,0,0,18,,2520,,,,,,,,,,,,,1,11,,300,200,,,200,0,,,,,(양파맛 쿠키) 샹들리에 - 떨어짐,,,1,13,,,,Onion_Chendelier_Fall,,,,,,,,1,10,,0,150,,,,,,,,,,,1,150,,,,,,,,,99,6218
0,,,,0.5,0,60,2,60,0,55,1,,,,,,,,0,15,18,,2522,,,,,,,,,,,,,,,,480,1500,,,1500,0,,,,,(양파맛 쿠키) 샹들리에 - 진자운동,,,1,10,,,,,,,,,,,,1,14,,0,15,,,,,,,,,,,1,-70,,,,,,,,,99,6219
0,,,,0.5,0,40,0,20,-10,0,1,,,,,0,16,,0,0,18,,,,,,,,,,,,,,,1,2,,360,0,,,,0,,,,,(양파맛 쿠키) 1단,,,1,11,,,,,,,,,,,,1,1,,0,0,,,,,,,,,,,1,,,,,,,,,,50,6220
0,,,,0.5,0,40,0,20,-10,0,1,,,,,,,,0,70,18,,,,,,,,,,,,,,,1,2,,360,300,,,300,0,,,,,(양파맛 쿠키) 1단 - 낮게 떠오름,,,1,11,,,,,,,,,,,,1,1,,0,0,,,,,,,,,,,1,,,,,,,,,,50,6221
0,,,,0.5,0,40,0,20,-10,0,1,,,,,,,,0,140,18,,,,,,,,,,,,,,,1,2,,360,500,,,500,0,,,,,(양파맛 쿠키) 1단 - 높게 떠오름,,,1,11,,,,,,,,,,,,1,1,,0,0,,,,,,,,,,,1,,,,,,,,,,50,6222
0,,,,0.5,0,80,0,21,-25,0,1,,,,,,,,0,0,18,,,,,,,,,,,,,,,,,,-9999,0,,,0,0,,,,,(양파맛 쿠키) 2단장애물,,,1,10,,,,,,,,,,,,1,3,,0,0,,,,,,,,,,,1,,,,,,,,,,50,6223
0,,,,0.5,0,80,0,21,-25,0,1,,,,,,,,0,0,18,,,,,,,,,,,,,,,1,4,,360,0,,,0,0,,,,,(양파맛 쿠키) 2단 - 쿠키 근처에서 애니메이션 변경,,,1,11,,,,,,,,,,,,1,3,,0,0,,,,,,,,,,,1,,,,,,,,,,50,6224
0,,,,0.5,0,80,0,21,-25,0,1,,,,,,,,0,70,18,,,,,,,,,,,,,,,1,4,,360,300,,,300,0,,,,,(양파맛 쿠키) 2단 - 쿠키 근처에서떠오름,,,1,11,,,,,,,,,,,,1,3,,0,0,,,,,,,,,,,1,,,,,,,,,,50,6225
0,,,,0.5,0,90,0,50,-25,0,1,,,,,,,,0,35,18,,,,,,,,,,,,,,,,,,-9999,0,,,0,0,,,,,(양파맛 쿠키) 슬라이드(자명종),,,1,10,,,,,,,,,,,,1,6,,0,0,,,,,,,,,,,1,,,,,,,,,,0,6226
0,,,,0.5,0,40,0,20,-10,0,1,,,,,,,,0,0,23,,,,,,,,,,,,,,,,,,-9999,0,,,0,0,,,,,(롤케이크맛 쿠키) 1단,,,1,10,,,,,,,,,,,,1,1,2,0,0,,,,,,,,,,,1,,,,,,,,,,200,6227
0,,,,0.5,0,80,0,21,-25,0,1,,,,,,,,0,0,23,,,,,,,,,,,,,,,,,,-9999,0,,,0,0,,,,,(롤케이크맛 쿠키) 2단장애물,,,1,10,,,,,,,,,,,,1,3,4,0,0,,,,,,,,,,,1,,,,,,,,,,200,6228
0,,,,0.5,0,90,0,50,-25,0,1,,,,,,,,0,35,23,,,,,,,,,,,,,,,,,,-9999,0,,,0,0,,,,,(롤케이크맛 쿠키) 슬라이드,,,1,10,,,,,,,,,,,,1,5,6,0,0,,,,,,,,,,,1,,,,,,,,,,200,6229
1,1,60,106,0.5,0,80,0,56,-30,0,1,,,,,0,59,105,30,0,,,2521,2501,2504,2520,,,,,,,,,,1,58,104,360,200,,,200,0,,,,Ã,(EP5-5) 떨어지는 거대라임,,,1,13,,,,,,Platform_5_4_lime,,,,,,1,58,104,30,300,1,,0,,,,,,,epN02_tm02_big2down_endloop,1,6001,1,2002,150,,,,,,200,6230
1,,,,0.5,0,85,0,21,-25,0,1,,,,,,,,-320,0,,,,,,,,,,,,,,,,1,93,176,600,3600,,,3600,0,,,,Ñ,(EP5-6) 쭉 달려가는애 2단,,,1,11,,,,,,Platform_5_6_Chipmunk_507,,,,,,1,93,176,200,0,,,,,,,,,,epS02_boss_jump1,1,,,,,,,,,,200,6231
6,,,,0.2,0.5,20,0,20,-10,-10,1,,,,,,,,-682,200,,,2511,2517,2515,,,,,,,,,,,,,,480,8000,,,8000,0,,,,,(EP5-10) 날아오는 아이스볼트 사선 낮 (상승),,,1,10,,,,,,,,,,,,1,15,,118,0,1,500,0,,,,,,,,1,3000,16,500,,,,,,,300,6232
6,,,,0.2,0.5,20,0,20,-10,-10,1,,,,,,,,-682,-200,,,2511,2517,2515,,,,,,,,,,,,,,480,8000,,,8000,0,,,,,(EP5-10) 날아오는 아이스볼트 사선 밤 (하강),,,1,10,,,,,,,,,,,,1,15,,118,0,1,500,0,,,,,,,,1,3000,16,500,,,,,,,300,6233
6,,,,0.5,0.25,30,2,30,0,20,1,,,,,,,,0,300,,,,,,,,,,,,,,,,,,,480,14000,,,14000,0,,,,,(EP5-10) 떠있는 1x1 장애물 낮 (상승),2,epS02_tm01,1,12,,,,,,,,,,,,1,61,,0,0,,,,,,,,,,,1,,,,,,,,,,200,6234
3,,,,0.2,0.85,30,0,180,-30,-20,0,,,,,,,,0,200,,,,,,,,,,,,,,,,,,,400,10000,,,10000,0,,,,,(EP5-10) 중간에 떠있는 위로 움직 3단 발판,1,epS02_tm01,1,10,,,,,,,,,,,,1,84,,0,0,,,,,,,,,,epN05_tm10_fh3,0,,,,,,,,,,100,6235
3,,,,0.1,0.85,60,0,360,-30,-60,0,,,,,,,,0,200,,,,,,,,,,,,,,,,,,,400,10000,,,10000,0,,,,,(EP5-10) 중간에 떠있는 위로 움직 6단 발판,1,epS02_tm01,1,10,,,,,,,,,,,,1,85,,0,0,,,,,,,,,,epN05_tm10_fh6,0,,,,,,,,,,100,6236
0,,,,0.5,0.5,40,0,20,-10,-20,1,,308,0,0,1,28,,0,-100,,,2528,2526,,,,,,,,0,160,0,33,1,26,,500,1848,308,770,770,4,1,27,,Õ,(EP5-5) 1번 튀어나오는 물고기,,,1,17,,,,,,Platform_5_5_fish,,,,,,1,26,,0,-100,,,,,,,,,,epN05_tm05_1jphole_max,1,1,80,,,,,,,,200,6237
1,1,19,,0.5,0,40,0,20,-10,0,1,,,,,,18,,0,0,,,2520,,,,,,,,,,,,,,17,,360,200,,,200,0,,,,,(EP5-5) 발판을 파괴하는 떨어지는 슬라이드,,,1,13,,,,,,Platform_5_5_IceFall,,,,,,0,14,,0,300,,,,,,,,,,,1,150,,,,,,,,,200,6238
1,,,,0.5,0.18,85,0,21,-25,0,0,,,,,,,,0,0,,,2564,,,,,,,,,,,,,,,,-9999,0,,,0,0,,,,Ä,(EP5-5) 그냥 폭포,,,1,10,,,,,,,,,,,,1,29,30,0,0,,,,,,,,,,epN05_tm05_fall1_01,0,-200,,,,,,,,,200,6239
1,1,19,,0.5,0,40,0,20,-10,0,1,,,,,0,18,,0,0,,,2501,2504,,,,,,,,,,,,0,17,,360,200,,,200,0,,,,Ë,(EP5-5) 하늘에서 떨어지는 1단,,,1,13,,,,,,Platform_MoveDownJump,,,,,,0,17,,0,300,,0,,,,,,,,ep5_5_e,1,1,2002,,,,,,,,200,6240
1,1,22,,0.5,0,80,0,21,-25,0,1,,,,,0,21,,0,0,,epS02_,2501,2504,,,,,,,,,,,,0,20,,360,200,,,200,0,,,,Ï,(EP5-5) 하늘에서 떨어지는 2단,,,1,13,,,,,,Platform_MoveDownJump,,,,,,0,20,,0,300,,0,,,,,,,,ep5_5_f,1,1,2002,,,,,,,,200,6241
1,,,,0.5,0,80,0,21,-25,0,1,,,,,1,13,,0,0,,,2501,2502,2503,2571,,,,,,,,,,0,12,,230,400,,,400,0,,,,ù,[코인팰리스] 튀어나오는 애니 2단,,,1,12,,,,,,EventRun_Platform_PopUpObstacle,,,,,,1,14,,0,0,,,0,511,,,,,,ep5_5_e,1,1,400,2001,5,,,,,,200,6242
1,,,,0.5,0,40,0,20,-10,0,0,,,,,1,11,,0,0,,,2501,2502,2503,,,,,,,,,,,0,10,,-15,400,,,400,0,,,,ÿ,[코인팰리스] 지나간 바닥에서 나오는 애니 1단,,,1,12,,,,,,EventRun_Platform_PopUpObstacle_Knives,,,,,,1,14,,0,0,,,0,,,,,,,ep5_5_f,1,1,400,2001,,,,,,,200,6243
1,,,,0.5,0,60,2,60,0,55,1,,,,,,,,0,15,,,2522,,,,,,,,,,,,,,,,480,4000,,,4000,0,,,,Ö,[코인팰리스] 흔들리는 철퇴,,,1,10,,,,,,EventRun_Platform_PopOut_slidewing,,,,,,1,26,,0,15,,,,,,,,,,app_tb_jp2,1,-70,,,,,,,,,100,6244
1,,,,0.5,0,80,0,26,-13,0,1,,,,,1,171,179,0,0,,,,,,,,,,,,,,,,0,170,178,180,200,,,200,0,,,,Ü,[코인팰리스] 커지는 장애물,,,1,12,,,,,,EventRun_Platform_PopOut,,,,,,1,169,177,0,0,,,,,,,,,,pass_tb_up_jp1,1,,,,,,,,,,200,6245
1,,,,0,0,320,0,800,0,0,0,,,,,,,,20,0,25,,2527,,,,,,,,,,,,,,,,-9999,0,,,0,0,,,,„,[스에3] 동굴 cave1,,,1,1,,,,,,,,,,cave_01,,,,,60,-60,,,,,,,,,,epS03_tm03_cave_01,0,2000,,,,,,,,,20,6246
1,,,,0,0,320,0,600,200,0,6,,,,,,,,0,0,25,,2527,,,,,,,,,,,,,,,,-9999,0,,,0,0,,,,‡,[스에3] 동굴 cave2,,,1,1,,,,,,,,,,cave_02,,,,,0,-60,,,,,,,,,,epS03_tm03_cave_02,0,2000,,,,,,,,,20,6247
3,,,,0.5,0.85,10,0,60,-30,0,0,,,,,,,,0,0,25,,2573,,,,,,,,,,,,,,,,-9999,0,,,0,0,,,,,[스에3] 동굴 전용 발판,,,1,10,,,,,,,,,,,,1,212,,0,0,,,,,,,,,,epS03_tm01_fh_02.png,0,1,,,,,,,,,100,6248
1,,,,0.5,0,40,0,20,-10,0,0,,,,100,,204,,20,0,,,2501,2502,2503,2575,,,,,,,,,,,202,,-15,350,,,350,0,1,200,,‰,[스에3] 지나간후 튀어나와서 점프하는 토끼,,,1,12,,,,,,Platform_S01_Rabbit,,,,,,1,200,,0,0,,,0,,,,,,,epS03_tm01_jp2up_01,0,1,400,2001,1,,,,,,200,6249
1,,,,0.5,0,40,0,20,-10,0,1,,400,500,300,0,210,,0,0,,,1512,2576,,,,,,,,112,0,55,0,,,,1000,3000,600,600,600,6,,,,Š,[스에3] 통통튀면서 다가오는 1단,,,1,18,,,,,,Platform_5_8_ComingGolem,,,,,,1,206,,170,0,2000,,,,,,,,,epS03_tm02_run_01,1,10,1,,,,,,,,200,6250
5,,,,0.5,0.85,10,0,60,-30,-15,0,,,,,,,,0,-600,,,2577,,,,,,,,,,,,,,,,-20,800,,,800,0,,,,¤,[파티런] 일회용 발판,,,1,10,,,,,,Platform_Onestep,,,,,,1,9,,0,0,34000,,,,,,,,,betarun_tm01_onestep_1.png,0,6,,,,,,,,,100,6251
0,,,,0.5,0.28,40,0,60,-30,-10,7,,,,,,,,0,0,701999,,2574,2574,2574,2574,2574,2574,2574,2574,,,,,,,,,-9999,0,,,0,0,,,,¥,[파티런] 노란곰젤리 짤주머니,,,1,10,,,,,,,,,,,,1,8,,0,0,1,2,3,4,5,6,7,8,,betarun_tm01_pipingyellow_1.png,0,6106,80,30,6,20,15,6,8,,200,6252
0,,,,0.5,0.28,40,0,60,-30,-10,7,,,,,,,,0,0,701999,,2574,2574,2574,2574,2574,2574,2574,2574,,,,,,,,,-9999,0,,,0,0,,,,¦,[파티런] 분홍곰젤리 짤주머니,,,1,10,,,,,,,,,,,,1,10,,0,0,1,2,3,4,5,6,7,8,,betarun_tm01_pipingpink_1.png,0,6107,80,30,6,20,15,6,8,,200,6253
1,1,4,,0.1,0,300,0,220,-60,-60,3,,,,,,3,,0,0,701999,,,,,,,,,,,,,,,,,,-15,0,,,0,0,,,,‚ ,[파티런] 라운드 종료 깃발 (맵툴용),,,1,0,,,,,,,,,,,,1,2,,0,0,,,,,,,,,,flag_end.png,0,,,,,,,,,,200,6254
1,,,,0.1,0,400,0,20,-10,-60,0,,,,,,,,0,0,701999,,,,,,,,,,,,,,,,,,-9999,0,,,0,0,,,,,[파티런] 라운드 시작 깃발,,,1,10,,,,,,,,,,,,1,1,,-40,0,,,,,,,,,,,0,,,,,,,,,,200,6255
1,1,7,,0.1,0,300,0,220,-60,-60,0,,,,,,6,,0,0,701999,,,,,,,,,,,,,,,,,,-15,0,,,0,0,,,,,[파티런] 라운드 파이널 종료 깃발,,,1,14,,,,,,,,,,,,1,5,,0,0,,,,,,,,,,,0,,,,,,,,,,200,6256
1,1,4,,0.1,0,300,0,220,-60,-60,0,,,,,,3,,0,0,701999,,,,,,,,,,,,,,,,,,-15,0,,,0,0,,,,,[파티런] 라운드 종료 깃발,,,1,14,,,,,,,,,,,,1,2,,0,0,,,,,,,,,,,0,,,,,,,,,,200,6257
0,,,,0.5,0.45,40,0,60,-30,-10,8,,,,,,6,,0,0,27,,,,,,,,,,,,,,,,5,,-9999,0,,,0,0,,5,,,[감자샐러드맛 쿠키] 감자 타일,,,1,17,,,,,,,,,,,,1,5,,0,0,,,,,,,,,,ch82_platform_potato_01.png,0,,,,,,,,,,200,6258
0,,,,0.5,0.28,40,0,120,-60,-10,8,,,,,,4,,0,0,27,,,,,,,,,,,,,,,,3,,-9999,0,,,0,0,,3,,,[감자샐러드맛 쿠키] 마요네즈 타일,,,1,17,,,,,,,,,,,,1,3,,0,0,,,,,,,,,,ch82_platform_mayo_01.png,0,,,,,,,,,,200,6259
0,,,,0.2,0.5,20,0,20,-10,-10,1,,,,,,,,-682,0,28,,,,,,,,,,,,,,,,,,480,9000,,,9000,0,,,,,[백김치맛 쿠키] 알배추 영혼,,,1,10,,,,,,,,,,,,1,1,,118,0,,,,,,,,,,,0,,,,,,,,,,300,6260
6,,,,0.2,0.5,20,0,20,-10,-10,1,,,,,,,,-1800,-800,,,2511,2517,2515,,,,,,,,,,,,,,480,8000,,,8000,0,,,,,[EP06-02] 사선으로 날아오는 박쥐 (위),,,1,10,,,,,epN06_Platform_2_FlyingBatUp,,,,,,,1,211,,118,0,1,500,0,,,,,,,epN06_tm02_free_01.png,1,3000,16,500,,,,,,,300,6261
6,,,,0.2,0.5,20,0,20,-10,-10,1,,,,,,,,-1800,80,,,2511,2517,2515,,,,,,,,,,,,,,480,8000,,,8000,0,,,,,[EP06-02] 사선으로 날아오는 박쥐 (아래),,,1,10,,,,,epN06_Platform_2_FlyingBatUp,,,,,,,1,212,,60,-200,1,500,0,,,,,,,epN06_tm02_free_01.png,1,3000,16,500,,,,,,,300,6262
1,,,,0,0,320,0,800,0,0,0,,,,,,,,20,0,,,2527,,,,,,,,,,,,,,,,-9999,0,,,0,0,,,,½,에피소드 6 - 2 스테이지 전용 동굴_1,,,1,1,,,,,,,,,,cave_01,,,,,60,-60,,,,,,,,,,epN06_tm02_cave_01.png,0,2000,,,,,,,,,20,6263
1,,,,0,0,320,0,600,200,0,0,,,,,,,,0,0,,,2527,,,,,,,,,,,,,,,,-9999,0,,,0,0,,,,¾,에피소드 6 - 2 스테이지 전용 동굴_2,,,1,1,,,,,,,,,,cave_02,,,,,0,-60,,,,,,,,,,epN06_tm02_cave_02.png,0,2000,,,,,,,,,20,6264
1,,,,0.5,0,80,0,150,-75,45,1,,,,,,,,0,0,,,2521,2576,,,,,,,,,,,,1,214,,1200,0,,,0,0,,,,À,아래 위 움직이는 3칸 슬라이드,,,1,11,,,,,,,,,,,,,213,,0,0,1,,,,,,,,,epN06_tm04_sd3_01.png,1,6001,1,,,,,,,,200,6265
1,,,,0,0,320,0,800,0,0,0,,,,,,,,20,0,,,2527,,,,,,,,,,,,,,,,-9999,0,,,0,0,,,,Ø,에피소드6 - 4 스테이지 전용 동굴_1,,,1,1,,,,,,,,,,cave_01,,,,,60,-60,,,,,,,,,,epN06_tm04_cave_01.png,0,2000,,,,,,,,,20,6266
1,,,,0,0,320,0,600,200,0,0,,,,,,,,0,0,,,2527,,,,,,,,,,,,,,,,-9999,0,,,0,0,,,,Ð,에피소드6 - 4 스테이지 전용 동굴_2,,,1,1,,,,,,,,,,cave_02,,,,,0,-60,,,,,,,,,,epN06_tm04_cave_02.png,0,2000,,,,,,,,,20,6267
1,1,,,0.5,0,90,0,50,-25,35,1,,,,,,,,0,0,,,2576,,,,,,,,,,,,,1,216,,1200,0,,,0,0,,,,×,아래 위 움직이는 1칸 슬라이드,,,1,11,,,,,epN06_Platform_5_UpDownSlide_1,,,,,,,,215,,0,0,,,,,,,,,,epN06_tm05_sd1_01.png,1,1,,,,,,,,,200,6268
1,,,,0.5,0,40,0,20,-10,0,1,,,,,,,,-320,0,,,,,,,,,,,,,,,,,,,600,3600,,,3600,0,,,,Ý,달려오는 2 * 1 장애물,,,1,10,,,,,,,,,,,,1,217,,200,0,,,,,,,,,,epN06_tm06_jp2_noti.png,1,,,,,,,,,,200,6269
1,,222,,0.5,0,220,0,50,-35,0,1,,0,,,1,221,,0,0,,,2564,2565,,,,,,,,0,60,0,60,1,219,,150,1000,500,500,0,4,,220,,É,[EP06-08] 달려와서 점프하는 2 * 3 장애물,,,1,12,,,,,,epN06_Platform_8_RunningJump,,,,,,1,218,,0,0,,,,,,,,,,epN06_tm08_jpsdA_down.png,1,-500,790,,,,,,,,200,6270
1,,,,0.5,0,220,0,700,-400,20,0,,,,,,,,-320,0,,,,,,,,,,,,,,,,,,,1200,3600,,,3600,0,,,,¿,(EP6-09)장애물을 생성하는 용(위로 지나감),,,1,10,,,,,,epN06_Platform_9_DragonPass,,,,,,1,223,,200,0,,,,,,,,,,epN06_tm09_dragon_ing_01.png,0,,,,,,,,,,200,6271
1,,,,0.375,0,80,0,180,-60,0,0,,,,,,,,0,0,,,2562,2563,2575,2561,,,,,,,,,,0,149,,360,1000,,,1000,0,,,,Í,(EP6-09) 용 밟기,,,2,21,,,,,,SoundEff_Dragon_SmashWithFoot,,,,,,0,148,,0,0,,,,,,,,,,epN06_tm09_1_foot_endloop_01.png,0,6162,800,1,360,,,,,,200,6272
1,,,,0.5,0,80,0,40,-20,0,0,,,,,,,,0,0,,,2562,2563,2575,2561,,,,,,,,,,0,151,,320,1000,,,1000,0,,,,Ó,(EP6-09) 용 꼬리 내려치기,,,2,21,,,,,,SoundEff_Dragon_SmashWithTail,,,,,,0,150,,0,0,,,,,,,,,,epN06_tm09_1_tail_endloop_01.png,0,6162,735,1,320,,,,,,200,6273
1,0,226,,0.53,0,80,0,21,-20,0,1,,,,,0,225,,0,0,,,,,,,,,,,,,,,,,,,360,0,,,0,0,,,,è,(EP6-09) 슬라이드가 2단을 만드는 장애물,,,1,14,,,,epN06_Platform_6_SlideToDoubleJump_2,,,,,,,,1,224,,0,0,,,,,,,,,,epN06_tm06_sdjp1,1,,,,,,,,,,100,6274
1,,,,0.5,0,110,0,21,-25,0,1,,,,,,,,,,31,,,,,,,,,,,,,,,,,,-9999,0,,,0,0,,,,,솟대가족 펫이 만드는 통과장애물1,,,1,10,,,,,,,,,,,,,1,,0,0,,,,,,,,,,,0,,,,,,,,,,200,6275
1,,,,0.5,0,110,0,21,-25,0,1,,,,,,,,,,31,,,,,,,,,,,,,,,,,,-9999,0,,,0,0,,,,,솟대가족 펫이 만드는 통과장애물2,,,1,10,,,,,,,,,,,,,3,,0,0,,,,,,,,,,,0,,,,,,,,,,200,6276
1,,,,0.5,0,110,0,21,-25,0,1,,,,,,,,,,31,,,,,,,,,,,,,,,,,,-9999,0,,,0,0,,,,,솟대가족 펫이 만드는 통과장애물3,,,1,10,,,,,,,,,,,,,5,,0,0,,,,,,,,,,,0,,,,,,,,,,200,6277
1,,,,0.5,0,90,0,50,-25,0,1,,,,,,,,0,35,,,2509,,,,,,,,,,,,,,,,500,700,,,700,0,,,,º,에피소드6 - 2 점점 커지는 슬라이드,,,1,10,,,,,,,,,,,,1,227,228,0,35,500,,,,,,,,,epN06_tm06_sd_01.png,1,1000,,,,,,,,,200,6278
1,1,19,,0.5,0,40,0,20,-10,0,1,,,,,0,18,,0,0,,,2501,2503,,,,,,,,,,,,0,17,,360,200,,,200,0,,,,÷,하늘에서 떨어지는 1단(에피소드 6 9스테이지용),,,1,13,,,,,,epN06_Platform_9_SlamStage_1,,,,,,0,17,,0,300,,-100,,,,,,,,epN06_tm09_jp1down_crash_01.png,1,1,2061,,,,,,,,50,6279
1,1,22,,0.5,0,80,0,21,-25,0,1,,,,,0,21,,0,0,,,2501,2503,,,,,,,,,,,,0,20,,360,200,,,200,0,,,,¸,하늘에서 떨어지는 2단(에피소드 6 9스테이지용),,,1,13,,,,,,epN06_Platform_9_SlamStage_2,,,,,,0,20,,0,300,,-100,,,,,,,,epN06_tm09_jp2down_crash_01.png,1,1,2061,,,,,,,,50,6280
0,,,,0.5,0.5,0,0,0,0,0,0,,,,,,,,0,0,,,,,,,,,,,,,,,,,,,-9999,0,,,0,0,,,,,절대구멍,,,1,0,,,,,,,,,,,,,,,0,0,,,,,,,,,,,0,,,,,,,,,,100,6907
